"","VIN","Price","Year","Make","Model.Group","Model.Detail","Body.Style","Color","Damage.Description","Odometer","Est..Retail.Value","Repair.cost","Engine","Drive","Cylinders","Sale.Status"
"1","1N4AL3AP7GC153028",5300,2016,"NISSAN","ALTIMA","ALTIMA 2.5","SEDAN 4D","GRAY","Front",55405,14621,10352,2.5,"F",4,"Minimum"
"2","5YFBURHE9GP562478",5800,2016,"TOYOTA","COROLLA","COROLLA L","SEDAN 4D","WHITE","Side",21544,18148,0,1.8,"F",4,"Pure"
"3","3CZRM3H32GG708570",6700,2016,"HONDA","CR-V LX","CR-V LX","4DR SPOR","BLACK","Rear",34740,17739,13493,2.4,"F",4,"Minimum"
"4","1N4AL3AP8GN308853",2900,2016,"NISSAN","ALTIMA","ALTIMA 2.5","SEDAN 4D","GRAY","Front",96905,9322,7247,2.5,"F",4,"Minimum"
"5","4T1BF1FK8GU540572",5100,2016,"TOYOTA","CAMRY","Camry LE","SEDAN 4D","BLUE","Front",32213,17550,15662,2.5,"F",4,"Minimum"
"6","3MZBM1T7XGM327263",3700,2016,"MAZDA","3","3 SPORT","SEDAN 4D","BLUE","Rear",25008,14318,0,2,"F",4,"Minimum"
"7","WDDUG8CB6GA243217",33250,2016,"MERCEDES-BENZ","S CLASS","S 550","SEDAN 4D","BLUE","Front",100520,46957,31097,4.6,"R",8,"Minimum"
"8","4T1BF1FK2GU551938",5400,2016,"TOYOTA","CAMRY","Camry LE","SEDAN 4D","WHITE","Front",61219,16508,0,2.5,"F",4,"Minimum"
"9","19XFC1F31GE208317",5700,2016,"HONDA","CIVIC","CIVIC EX","SEDAN 4D","WHITE","Side",85956,15594,0,1.5,"F",4,"Pure"
"10","19UUB2F55GA007557",6400,2016,"ACURA","TLX","TLX TECH","SEDAN 4D","BURGUNDY","Front",28035,22890,21430,3.5,"F",6,"Pure"
"11","5FNYF5H54GB018883",6100,2016,"HONDA","PILOT EXL","PILOT EXL","4DR SPOR","BLUE","Front",66813,24839,18201,3.5,"F",6,"Minimum"
"12","1N4AA6AP1GC448763",4750,2016,"NISSAN","MAXIMA","MAXIMA 3.5","SEDAN 4D","BLACK","Front",93024,15521,12191,3.5,"F",6,"Minimum"
"13","WBA4A9C52GG505465",6100,2016,"BMW","428 I","428 I","SEDAN 4D","BLUE","Side",80053,24349,0,2,"R",4,"Pure"
"14","4T1BF1FKXGU503958",6300,2016,"TOYOTA","CAMRY","Camry LE","SEDAN 4D","BLUE","Side",95099,13531,0,2.5,"F",4,"Pure"
"15","5J6RM4H71GL078892",7600,2016,"HONDA","CR-V EXL","CR-V EXL","4DR SPOR","BLUE","Front",36949,22128,17003,2.4,"All",4,"Minimum"
"16","3N1AB7AP1GY227347",2600,2016,"NISSAN","SENTRA","SENTRA S","SEDAN 4D","SILVER","Rear",32851,11425,0,1.8,"F",4,"Minimum"
"17","5YFBURHE0GP393399",4150,2016,"TOYOTA","COROLLA","COROLLA L","SEDAN 4D","BLUE","Rear",59166,14631,9015,1.8,"F",4,"Pure"
"18","3VW267AJ4GM302550",1950,2016,"VOLKSWAGEN","JETTA","JETTA S","SEDAN 4D","GRAY","Front",27136,11621,0,1.4,"F",4,"Minimum"
"19","19XFC2F52GE210097",4050,2016,"HONDA","CIVIC LX","CIVIC LX","SEDAN 4D","CHARCOAL","Front",40565,14735,0,2,"F",4,"Pure"
"20","5YFBURHE8GP538298",3600,2016,"TOYOTA","COROLLA","COROLLA L","SEDAN 4D","BLUE","Rear",32397,14891,0,1.8,"F",4,"Pure"
"21","WP1AA2A29GKA09869",16500,2016,"PORSCHE","CAYENNE","CAYENNE","4DR SPOR","BLACK","Side",33931,45018,45018,3.6,"All",6,"Pure"
"22","3CZRU6H75GM770020",4900,2016,"HONDA","HR-V EXL","HR-V EXL","4DR SPOR","CHARCOAL","Front",38733,20170,16874,1.8,"All",4,"Pure"
"23","58ABK1GG3GU003610",13100,2016,"LEXUS","ES350","ES 350","SEDAN 4D","BLUE","Front",4797,25032,0,3.5,"F",6,"Minimum"
"24","2HGFC2F87GH542066",5200,2016,"HONDA","CIVIC","CIVIC EX","SEDAN 4D","WHITE","Rear",54706,15268,14056,2,"F",4,"Minimum"
"25","4T1BF1FK6GU141482",4800,2016,"TOYOTA","CAMRY","Camry LE","SEDAN 4D","BLACK","Front",43231,17432,17074,2.5,"F",4,"Minimum"
"26","3N1AB7APXGL641031",2700,2016,"NISSAN","SENTRA","SENTRA S","SEDAN 4D","BLUE","Rear",48830,12098,0,1.8,"F",4,"Pure"
"27","3N1AB7AP6GY335964",2850,2016,"NISSAN","SENTRA","SENTRA S","SEDAN 4D","BLUE","Front",41695,12213,10442,1.8,"F",4,"Pure"
"28","1HGCR2F56GA179538",5700,2016,"HONDA","ACCORD SPO","ACCORD SPO","SEDAN 4D","SILVER","Side",40940,19769,13775,2.4,"F",4,"Minimum"
"29","WVGBV7AX3GW516712",3650,2016,"VOLKSWAGEN","TIGUAN S","TIGUAN S","4DR SPOR","BLUE","Side",75192,14304,15874,2,"All",4,"Pure"
"30","WDDUX7GB6GA225000",47500,2016,"MERCEDES-BENZ","S MERCEDES","S MERCEDES","SEDAN 4D","BLACK","Front",4238,157000,0,6,"R",12,"Minimum"
"31","2HGFC2F55GH559342",4650,2016,"HONDA","CIVIC LX","CIVIC LX","SEDAN 4D","GRAY","Front",103468,11266,0,2,"F",4,"Minimum"
"32","WBALL5C59G5A20009",7300,2016,"BMW","Z4","Z4 SDRIVE2","CONVERTI","BLACK","Rear",22778,37445,18221,2,"R",4,"Minimum"
"33","WP0BB2A93GS136875",60500,2016,"PORSCHE","911","911 TARGA","COUPE","BLACK","Side",28402,121454,22141,3.8,"All",6,"Minimum"
"34","WDDLJ6FB9GA162743",16100,2016,"MERCEDES-BENZ","C CLASS","CLS 400","SEDAN 4D","GRAY","Side",49371,44301,0,3,"R",6,"Approval"
"35","3MYDLBZV3GY110514",1400,2016,"TOYOTA","SCION","SCION IA","SEDAN 4D","BLUE","Front",28300,12945,0,1.5,"F",4,"Minimum"
"36","3CZRM3H56GG711330",9700,2016,"HONDA","CR-V EX","CR-V EX","4DR SPOR","RED","Front",19533,26783,0,2.4,"F",4,"Minimum"
"37","3N1AB7AP2GY289162",3400,2016,"NISSAN","SENTRA","SENTRA S","SEDAN 4D","SILVER","Mechanical",73551,9289,3000,1.8,"F",4,"Approval"
"38","WP1AA2A20GLA11522",22300,2016,"PORSCHE","CAYENNE","CAYENNE","4DR SPOR","BLACK","Front",11695,48574,16252,3.6,"All",6,"Minimum"
"39","5UXKR2C53G0H41661",15600,2016,"BMW","X5 SDRIVE3","X5 SDRIVE3","4DR SPOR","BLACK","Front",61670,44158,12362,3,"R",6,"Minimum"
"40","5FNRL5H35GB036904",8600,2016,"HONDA","ODYSSEY SE","ODYSSEY SE","SPORTS V","BLACK","Side",32357,26518,9956,3.5,"F",6,"Minimum"
"41","5TDYK3DC6GS714614",10000,2016,"TOYOTA","SIENNA XLE","SIENNA XLE","SPORTS V","BLUE","Rear",61604,27509,10864,3.5,"F",6,"Minimum"
"42","WAUGFAFC5GN020159",11100,2016,"AUDI","A6","A6 PREMIUM","SEDAN 4D","BLACK","Front",48405,35523,12215,2,"All",4,"Minimum"
"43","WBA5B1C58GG134797",9600,2016,"BMW","535 I","535 I","SEDAN 4D","SILVER","Rear",36356,33392,38428,3,"R",6,"Minimum"
"44","WBA6D0C50GD927781",15500,2016,"BMW","6 SERIES","640 I","SEDAN 4D","GRAY","Front",89449,51254,14251,3,"R",6,"Minimum"
"45","55SWF4JB6GU130732",15800,2016,"MERCEDES-BENZ","C CLASS","C 300","SEDAN 4D","SILVER","Front",32635,37265,0,2,"R",4,"Minimum"
"46","WDDSJ4EB8GN378285",10700,2016,"MERCEDES-BENZ","C CLASS","CLA 250","SEDAN 4D","BLACK","Side",19310,29652,0,2,"F",4,"Minimum"
"47","1N4AL3AP7GC151750",4600,2016,"NISSAN","ALTIMA","ALTIMA 2.5","SEDAN 4D","RED","Front",32390,14529,6217,2.5,"F",4,"Minimum"
"48","3N1AB7AP2GL663993",2950,2016,"NISSAN","SENTRA","SENTRA S","SEDAN 4D","WHITE","Front",45337,11463,13659,1.8,"F",4,"Minimum"
"49","4T1BF1FK0GU154888",3650,2016,"TOYOTA","CAMRY","Camry LE","SEDAN 4D","WHITE","Front",75371,11138,16017,2.5,"F",4,"Minimum"
"50","3N1AB7AP1GL664729",2850,2016,"NISSAN","SENTRA","SENTRA S","SEDAN 4D","SILVER","Rear",52854,10235,9370,1.8,"F",4,"Pure"
"51","1HGCR2F8XGA101225",3100,2016,"HONDA","ACCORD EXL","ACCORD EXL","SEDAN 4D","BLACK","Rear",54294,16619,13056,2.4,"F",4,"Minimum"
"52","19XFC2F57GE080589",5200,2016,"HONDA","CIVIC LX","CIVIC LX","SEDAN 4D","WHITE","Side",46908,13517,10833,2,"F",4,"Pure"
"53","1N4AL3AP7GC137895",4850,2016,"NISSAN","ALTIMA","ALTIMA 2.5","SEDAN 4D","BLACK","Rear",32778,18222,14257,2.5,"F",4,"Minimum"
"54","1N4AL3AP4GN321616",2550,2016,"NISSAN","ALTIMA","ALTIMA 2.5","SEDAN 4D","BLACK","Front",94968,11456,0,2.5,"F",4,"Pure"
"55","WDC0G4KB9GF010786",16600,2016,"MERCEDES-BENZ","GLC 300 4M","GLC 300 4M","4DR SPOR","BLACK","Front",36598,30274,28924,2,"All",4,"Pure"
"56","19XFC1F4XGE017889",3700,2016,"HONDA","CIVIC","CIVIC EX","SEDAN 4D","BLUE","Rear",34413,17386,14196,1.5,"F",4,"Pure"
"57","WBS6E9C55GG437221",16600,2016,"BMW","M6","M6 GRAN CO","SEDAN 4D","GRAY","Front",36478,67160,0,4.4,"R",8,"Approval"
"58","4T1BF1FK5GU596565",5500,2016,"TOYOTA","CAMRY","Camry LE","SEDAN 4D","CHARCOAL","Front",66776,11312,11883,2.5,"F",4,"Pure"
"59","1N4AA6AP0GC906079",7600,2016,"NISSAN","MAXIMA","MAXIMA 3.5","SEDAN 4D","BROWN","Rear",43039,24108,16816,3.5,"F",6,"Minimum"
"60","5YFBURHE5GP494096",3200,2016,"TOYOTA","COROLLA","COROLLA L","SEDAN 4D","WHITE","Rear",61168,11749,10960,1.8,"F",4,"Pure"
"61","1HGCR3F8XGA035216",6900,2016,"HONDA","ACCORD EXL","ACCORD EXL","SEDAN 4D","GRAY","Front",40684,19339,14623,3.5,"F",6,"Minimum"
"62","2HGFC2F56GH555493",3850,2016,"HONDA","CIVIC LX","CIVIC LX","SEDAN 4D","BLACK","Side",42525,14062,12185,2,"F",4,"Minimum"
"63","JTEZU5JR5G5118690",7900,2016,"TOYOTA","4RUNNER SR","4RUNNER SR","4DR SPOR","BLUE","Front",53486,26572,21474,4,"R",6,"Pure"
"64","1N4AA6AP2GC442390",5400,2016,"NISSAN","MAXIMA","MAXIMA 3.5","SEDAN 4D","WHITE","Side",86935,14183,10697,3.5,"F",6,"Pure"
"65","2HKRM3H41GH538059",4750,2016,"HONDA","CR-V SE","CR-V SE","4DR SPOR","SILVER","Front",26641,17939,13069,2.4,"F",4,"Pure"
"66","3N1AB7AP6GY282179",2250,2016,"NISSAN","SENTRA","SENTRA S","SEDAN 4D","BLACK","Front",67058,8681,6387,1.8,"F",4,"Minimum"
"67","4T4BF1FK8GR565381",4650,2016,"TOYOTA","CAMRY","Camry LE","SEDAN 4D","WHITE","Front",53406,13462,23902,2.5,"F",4,"Minimum"
"68","JTJYARBZ1G2024660",16200,2016,"LEXUS","NX 200T","NX 200T","4DR SPOR","WHITE","Front",61910,23386,21710,2,"F",4,"Pure"
"69","1N4AL3AP8GC282668",3250,2016,"NISSAN","ALTIMA","ALTIMA 2.5","SEDAN 4D","WHITE","Rear",70428,12715,15463,2.5,"F",4,"Minimum"
"70","5YFBURHE9GP460257",2700,2016,"TOYOTA","COROLLA","COROLLA L","SEDAN 4D","GRAY","Front",45669,11548,16810,1.8,"F",4,"Minimum"
"71","3N1CN7AP2GL895087",2050,2016,"NISSAN","VERSA","VERSA S","SEDAN 4D","SILVER","Side",48283,9190,9190,1.6,"F",4,"Approval"
"72","1HGCR2F85GA115291",6200,2016,"HONDA","ACCORD EXL","ACCORD EXL","SEDAN 4D","BLACK","Front",46448,17266,13681,2.4,"F",4,"Minimum"
"73","WBA5A5C59GG349860",9600,2016,"BMW","5 SERIES","528 I","SEDAN 4D","BLACK","Front",21900,26963,20641,2,"R",4,"Approval"
"74","3MYDLBZV7GY105638",2350,2016,"TOYOTA","SCION","SCION IA","SEDAN 4D","CHARCOAL","Side",41050,10581,8702,1.5,"F",4,"Minimum"
"75","1N4AL3AP0GN318194",3650,2016,"NISSAN","ALTIMA","ALTIMA 2.5","SEDAN 4D","GRAY","Front",47803,12576,9465,2.5,"F",4,"Minimum"
"76","19XFC2F77GE040398",7200,2016,"HONDA","CIVIC","CIVIC EX","SEDAN 4D","BLACK","Rear",23127,17875,0,2,"F",4,"Minimum"
"77","4T4BF1FK7GR577098",5500,2016,"TOYOTA","CAMRY","Camry LE","SEDAN 4D","BLACK","Side",49252,15400,0,2.5,"F",4,"Minimum"
"78","3VWD67AJ4GM316554",2750,2016,"VOLKSWAGEN","JETTA","JETTA SE","SEDAN 4D","BLACK","Front",50444,12675,0,1.4,"F",4,"Minimum"
"79","1N4AL3AP1GN344707",5100,2016,"NISSAN","ALTIMA","ALTIMA 2.5","SEDAN 4D","WHITE","Rear",16728,16071,13503,2.5,"F",4,"Pure"
"80","1N4AL3AP6GC227216",3750,2016,"NISSAN","ALTIMA","ALTIMA 2.5","SEDAN 4D","WHITE","Front",93346,10159,13433,2.5,"F",4,"Minimum"
"81","JN8AF5MR2GT601044",2900,2016,"NISSAN","JUKE S","JUKE S","4DR SPOR","RED","Rear",42412,14701,12757,1.6,"F",4,"Pure"
"82","1N4AL3AP3GN340464",2550,2016,"NISSAN","ALTIMA","ALTIMA 2.5","SEDAN 4D","BLACK","Front",109575,9177,8044,2.5,"F",4,"Pure"
"83","1N4AL3APXGC247243",3150,2016,"NISSAN","ALTIMA","ALTIMA 2.5","SEDAN 4D","RED","Rear",56256,13115,9312,2.5,"F",4,"Minimum"
"84","2HKRM3H76GH562335",4950,2016,"HONDA","CR-V EXL","CR-V EXL","4DR SPOR","BURGUNDY","Front",28863,22027,15556,2.4,"F",4,"Minimum"
"85","1HGCR2F57GA194842",4100,2016,"HONDA","ACCORD SPO","ACCORD SPO","SEDAN 4D","GRAY","Side",156192,11963,11559,2.4,"F",4,"Pure"
"86","3VWD67AJ8GM244418",4050,2016,"VOLKSWAGEN","JETTA","JETTA SE","SEDAN 4D","GRAY","Minor",81471,16800,0,1.4,"F",4,"Minimum"
"87","4T1BF1FK0GU608878",5400,2016,"TOYOTA","CAMRY","Camry LE","SEDAN 4D","GRAY","Front",40088,15977,0,2.5,"F",4,"Minimum"
"88","1N4AL3AP4GN307229",4250,2016,"NISSAN","ALTIMA","ALTIMA 2.5","SEDAN 4D","MAROON","Rear",58357,11542,0,2.5,"F",4,"Pure"
"89","5N1AZ2MGXGN157282",5400,2016,"NISSAN","MURANO S","MURANO S","4DR SPOR","SILVER","Side",35826,19401,0,3.5,"F",6,"Pure"
"90","3N1AB7AP4GY303367",2050,2016,"NISSAN","SENTRA","SENTRA S","SEDAN 4D","GRAY","Front",85027,8378,0,1.8,"F",4,"Pure"
"91","19XFC2F59GE058495",3600,2016,"HONDA","CIVIC LX","CIVIC LX","SEDAN 4D","SILVER","Side",53569,12724,0,2,"F",4,"Pure"
"92","5YFBURHE0GP440575",2850,2016,"TOYOTA","COROLLA","COROLLA L","SEDAN 4D","CHARCOAL","Front",22193,13202,13635,1.8,"F",4,"Pure"
"93","19XFC2F52GE010918",2700,2016,"HONDA","CIVIC LX","CIVIC LX","SEDAN 4D","SILVER","Front",53818,13927,11638,2,"F",4,"Minimum"
"94","JM1GJ1W58G1439388",8000,2016,"MAZDA","6","6 GRAND TO","SEDAN 4D","SILVER","Front",39870,18699,10738,2.5,"F",4,"Minimum"
"95","1HGCR2F88GA070007",7400,2016,"HONDA","ACCORD EXL","ACCORD EXL","SEDAN 4D","WHITE","Front",91005,17603,17603,2.4,"F",4,"Minimum"
"96","4T1BF1FK6GU541834",4650,2016,"TOYOTA","CAMRY","Camry LE","SEDAN 4D","RED","Front",79203,13191,23628,2.5,"F",4,"Pure"
"97","4T1BF1FK2GU555472",4800,2016,"TOYOTA","CAMRY","Camry LE","SEDAN 4D","MAROON","Rear",162716,9780,7427,2.5,"F",4,"Minimum"
"98","3N1CN7AP5GL802241",1850,2016,"NISSAN","VERSA","VERSA S","SEDAN 4D","RED","Front",66963,8078,6000,1.6,"F",4,"Minimum"
"99","19UDE2F8XGA009158",5600,2016,"ACURA","ILX","ILX PREMIU","SEDAN 4D","GRAY","Front",25128,21871,14518,2.4,"F",4,"Minimum"
"100","2T1BURHE4GC523538",3250,2016,"TOYOTA","COROLLA","COROLLA L","SEDAN 4D","WHITE","Front",67593,11570,11570,1.8,"F",4,"Pure"
"101","4T1BF1FK3GU525560",5700,2016,"TOYOTA","CAMRY","Camry LE","SEDAN 4D","BLUE","Rear",59080,13908,11324,2.5,"F",4,"Minimum"
"102","1N4AA6AP5GC384369",2650,2016,"NISSAN","MAXIMA","MAXIMA 3.5","SEDAN 4D","BLUE","Side",44864,19860,15960,3.5,"F",6,"Pure"
"103","1HGCR2F30GA080728",2550,2016,"HONDA","ACCORD LX","ACCORD LX","SEDAN 4D","BROWN","Rear",60044,14694,14694,2.4,"F",4,"Minimum"
"104","3N1AB7AP0GY315158",2500,2016,"NISSAN","SENTRA","SENTRA S","SEDAN 4D","BLACK","Front",63757,11632,8793,1.8,"F",4,"Pure"
"105","1HGCR2F53GA096553",4650,2016,"HONDA","ACCORD SPO","ACCORD SPO","SEDAN 4D","RED","Under",36438,18296,13960,2.4,"F",4,"Minimum"
"106","1N4AA6AP2GC393515",4700,2016,"NISSAN","MAXIMA","MAXIMA 3.5","SEDAN 4D","WHITE","Rear",91277,18046,18046,3.5,"F",6,"Minimum"
"107","1N4AL3AP3GN339587",3600,2016,"NISSAN","ALTIMA","ALTIMA 2.5","SEDAN 4D","GRAY","Rear",56026,13119,8835,2.5,"F",4,"Minimum"
"108","5J8TB3H37GL017721",6000,2016,"ACURA","RDX","RDX","4DR SPOR","MAROON","Front",50935,23648,13387,3.5,"F",6,"Minimum"
"109","1N4AL3AP9GC161812",3400,2016,"NISSAN","ALTIMA","ALTIMA 2.5","SEDAN 4D","CHARCOAL","Front",8489,17424,11721,2.5,"F",4,"Minimum"
"110","2T3DFREV0GW467465",9300,2016,"TOYOTA","RAV4 LIMIT","RAV4 LIMIT","4DR SPOR","PURPLE","Front",34186,23588,17007,2.5,"All",4,"Pure"
"111","5TDJKRFHXGS289878",14400,2016,"TOYOTA","HIGHLANDER","HIGHLANDER","4DR SPOR","GRAY","Front",22742,30440,16589,3.5,"All",6,"Pure"
"112","4T1BF1FK5GU196084",5200,2016,"TOYOTA","CAMRY","Camry LE","SEDAN 4D","SILVER","ALL OVER",63817,13287,10308,2.5,"F",4,"Pure"
"113","5J6RM4H40GL139915",3900,2016,"HONDA","CR-V SE","CR-V SE","4DR SPOR","WHITE","Front",26628,19192,12835,2.4,"All",4,"Minimum"
"114","KNMAT2MV5GP690889",6000,2016,"NISSAN","ROGUE S","ROGUE S","4DR SPOR","WHITE","Side",23569,20807,14765,2.5,"All",4,"Pure"
"115","19XFC2E5XGE015897",2450,2016,"HONDA","CIVIC LX","CIVIC LX","SEDAN 4D","BLACK","Front",42826,13919,6701,2,"F",4,"Minimum"
"116","1HGCT1B87GA008339",2050,2016,"HONDA","ACCORD EXL","ACCORD EXL","COUPE","SILVER","Front",19394,18600,17720,2.4,"F",4,"Minimum"
"117","5TDJKRFH8GS505310",15400,2016,"TOYOTA","HIGHLANDER","HIGHLANDER","4DR SPOR","WHITE","Front",27853,38495,0,3.5,"All",6,"Approval"
"118","2T3BFREV8GW414021",7700,2016,"TOYOTA","RAV4 LE","RAV4 LE","4DR SPOR","SILVER","Front",19789,20238,17960,2.5,"All",4,"Minimum"
"119","JM1GJ1U58G1419127",1750,2016,"MAZDA","6","6 SPORT","SEDAN 4D","SILVER","Side",36866,12952,11412,2.5,"F",4,"Pure"
"120","5N1AZ2MH6GN144392",13200,2016,"NISSAN","MURANO S","MURANO S","4DR SPOR","ORANGE","Minor",18604,34887,0,3.5,"All",6,"Approval"
"121","5FNYF5H94GB060277",9400,2016,"HONDA","PILOT TOUR","PILOT TOUR","4DR SPOR","GRAY","Front",21053,31765,22004,3.5,"F",6,"Minimum"
"122","WDC0G4KB6GF080844",13000,2016,"MERCEDES-BENZ","GLC 300 4M","GLC 300 4M","4DR SPOR","GRAY","Front",18591,33129,22768,2,"All",4,"Minimum"
"123","WAUGFAFC8GN177216",7500,2016,"AUDI","A6","A6 PREMIUM","SEDAN 4D","BLACK","Front",24299,27288,23081,2,"All",4,"Pure"
"124","2HKRM4H56GH630265",6700,2016,"HONDA","CR-V EX","CR-V EX","4DR SPOR","SILVER","Front",53434,18626,12827,2.4,"All",4,"Minimum"
"125","1HGCR2F71GA206064",4000,2016,"HONDA","ACCORD EX","ACCORD EX","SEDAN 4D","GRAY","Front",55601,14450,10932,2.4,"F",4,"Minimum"
"126","5UXWX7C55G0R18082",6800,2016,"BMW","X3","X3 XDRIVE3","4DR SPOR","BLACK","Front",68164,24442,20880,3,"All",6,"Minimum"
"127","5J8TB4H33GL008584",3550,2016,"ACURA","RDX","RDX","4DR SPOR","GRAY","Front",74667,20135,17347,3.5,"All",6,"Minimum"
"128","3CZRU6H59GM760041",7100,2016,"HONDA","HR-V EX","HR-V EX","4DR SPOR","WHITE","Rear",51953,16278,9392,1.8,"All",4,"Pure"
"129","3CZRU6H76GM715608",5500,2016,"HONDA","HR-V EXL","HR-V EXL","4DR SPOR","BLACK","Front",33818,18812,13937,1.8,"All",4,"Pure"
"130","WAUGFAFC1GN008381",12400,2016,"AUDI","A6","A6 PREMIUM","SEDAN 4D","GRAY","Rear",41284,27879,20344,2,"All",4,"Pure"
"131","2T1BURHE6GC622040",3500,2016,"TOYOTA","COROLLA","COROLLA L","SEDAN 4D","BLACK","Front",52117,11883,9325,1.8,"F",4,"Pure"
"132","1HGCR2F51GA041552",0,2016,"HONDA","ACCORD SPO","ACCORD SPO","SEDAN 4D","BLACK","Front",88178,12316,11041,2.4,"F",4,"Pure"
"133","5FNYF6H55GB120778",8200,2016,"HONDA","PILOT EXL","PILOT EXL","4DR SPOR","GRAY","Front",19612,27145,23473,3.5,"All",6,"Pure"
"134","19XFC2F53GE231220",3500,2016,"HONDA","CIVIC LX","CIVIC LX","SEDAN 4D","BLACK","Front",29038,13143,9685,2,"F",4,"Minimum"
"135","5J6RM4H73GL124013",10900,2016,"HONDA","CR-V EXL","CR-V EXL","4DR SPOR","WHITE","Rear",9932,23261,16449,2.4,"All",4,"Minimum"
"136","5FNYF6H50GB080979",9200,2016,"HONDA","PILOT EXL","PILOT EXL","4DR SPOR","GREEN","Front",77875,21099,21257,3.5,"All",6,"Approval"
"137","1N4AL3AP5GC160544",2600,2016,"NISSAN","ALTIMA","ALTIMA 2.5","SEDAN 4D","BLACK","Front",41770,15310,11624,2.5,"F",4,"Pure"
"138","WAUA7GFF0G1051861",2650,2016,"AUDI","A3","A3 PREMIUM","SEDAN 4D","BLUE","Front",40060,14835,13353,1.8,"F",4,"Minimum"
"139","WVGBV7AX8GW594306",4450,2016,"VOLKSWAGEN","TIGUAN S","TIGUAN S","4DR SPOR","BLUE","Rear",39350,14336,13212,2,"All",4,"Minimum"
"140","5TDJKRFH6GS316588",15100,2016,"TOYOTA","HIGHLANDER","HIGHLANDER","4DR SPOR","WHITE","Side",31797,25678,13487,3.5,"All",6,"Approval"
"141","5FNRL5H6XGB139505",14900,2016,"HONDA","ODYSSEY EX","ODYSSEY EX","SPORTS V","WHITE","Under",22268,27496,0,3.5,"F",6,"Pure"
"142","1HGCR2F33GA054706",2850,2016,"HONDA","ACCORD LX","ACCORD LX","SEDAN 4D","BLACK","Front",81279,12956,14567,2.4,"F",4,"Pure"
"143","1HGCR3F85GA020817",7500,2016,"HONDA","ACCORD EXL","ACCORD EXL","SEDAN 4D","WHITE","Front",39504,20856,8725,3.5,"F",6,"Pure"
"144","3N1AB7AP1GL675259",1600,2016,"NISSAN","SENTRA","SENTRA S","SEDAN 4D","GRAY","Front",15153,12509,16714,1.8,"F",4,"Pure"
"145","1N4AL3AP7GN306866",3700,2016,"NISSAN","ALTIMA","ALTIMA 2.5","SEDAN 4D","WHITE","Front",58130,11441,10182,2.5,"F",4,"Minimum"
"146","5FNRL5H22GB111985",3500,2016,"HONDA","ODYSSEY LX","ODYSSEY LX","SPORTS V","WHITE","DAMAGE HISTORY",30761,19173,0,3.5,"F",6,"Minimum"
"147","5J6RM3H36GL024821",4700,2016,"HONDA","CR-V LX","CR-V LX","4DR SPOR","WHITE","Front",17020,17556,13617,2.4,"F",4,"Pure"
"148","3VW267AJ9GM311356",2950,2016,"VOLKSWAGEN","JETTA","JETTA S","SEDAN 4D","SILVER","Rear",16422,12090,3875,1.4,"F",4,"Pure"
"149","1N4AL3AP5GN380979",3100,2016,"NISSAN","ALTIMA","ALTIMA 2.5","SEDAN 4D","BLACK","Side",43755,13440,10479,2.5,"F",4,"Pure"
"150","2T1BURHE1GC673025",0,2016,"TOYOTA","COROLLA","COROLLA L","SEDAN 4D","RED","Front",18754,13387,0,1.8,"F",4,"Minimum"
"151","4T1BF1FK8GU598469",6000,2016,"TOYOTA","CAMRY","Camry LE","SEDAN 4D","SILVER","Front",54624,13820,9138,2.5,"F",4,"Minimum"
"152","3N1AB7AP3GY241928",925,2016,"NISSAN","SENTRA","SENTRA S","SEDAN 4D","BLACK","Front",21131,12456,13872,1.8,"F",4,"Minimum"
"153","1N4AL3AP7GN337020",2550,2016,"NISSAN","ALTIMA","ALTIMA 2.5","SEDAN 4D","BLACK","Front",66015,10685,12496,2.5,"F",4,"Minimum"
"154","JM1GJ1W51G1472779",7600,2016,"MAZDA","6","6 GRAND TO","SEDAN 4D","BLUE","Front",32154,19513,14627,2.5,"F",4,"Minimum"
"155","5N1AT2MV5GC780353",3350,2016,"NISSAN","ROGUE S","ROGUE S","4DR SPOR","BLACK","Front",19698,21387,20285,2.5,"All",4,"Minimum"
"156","19XFC2F77GE095188",3300,2016,"HONDA","CIVIC","CIVIC EX","SEDAN 4D","GRAY","Side",25601,15822,11365,2,"F",4,"Minimum"
"157","3VWL07AJ5GM336051",3750,2016,"VOLKSWAGEN","JETTA","JETTA SEL","SEDAN 4D","BLACK","Front",15725,16016,13332,1.8,"F",4,"Minimum"
"158","2T1BURHE9GC599742",4650,2016,"TOYOTA","COROLLA","COROLLA L","SEDAN 4D","WHITE","Rear",39162,14665,10452,1.8,"F",4,"Minimum"
"159","4T1BF1FKXGU519769",4850,2016,"TOYOTA","CAMRY","Camry LE","SEDAN 4D","BLUE","Front",54251,15867,19468,2.5,"F",4,"Minimum"
"160","1N4AL3AP6GN354200",3650,2016,"NISSAN","ALTIMA","ALTIMA 2.5","SEDAN 4D","GRAY","Rear",59448,11899,10631,2.5,"F",4,"Minimum"
"161","1N4AL3AP2GC275523",2950,2016,"NISSAN","ALTIMA","ALTIMA 2.5","SEDAN 4D","GRAY","Front",30265,13873,11387,2.5,"F",4,"Minimum"
"162","1N4AA6AP2GC405369",3000,2016,"NISSAN","MAXIMA","MAXIMA 3.5","SEDAN 4D","BLACK","Front",47478,22540,21351,3.5,"F",6,"Minimum"
"163","2HKRM4H58GH711333",5800,2016,"HONDA","CR-V EX","CR-V EX","4DR SPOR","SILVER","Front",10491,21019,14774,2.4,"All",4,"Minimum"
"164","JTMDFREV0GD194881",10900,2016,"TOYOTA","RAV4 LIMIT","RAV4 LIMIT","4DR SPOR","WHITE","Front",24716,24795,20544,2.5,"All",4,"Minimum"
"165","5J6RM4H32GL122556",4200,2016,"HONDA","CR-V LX","CR-V LX","4DR SPOR","GRAY","Front",10527,17728,14804,2.4,"All",4,"Minimum"
"166","JM1BM1U7XG1304953",6000,2016,"MAZDA","3","3 SPORT","SEDAN 4D","GRAY","Mechanical",64877,10098,2671,2,"F",4,"Minimum"
"167","4T1BF1FK2GU234466",4000,2016,"TOYOTA","CAMRY","Camry LE","SEDAN 4D","BLACK","Front",58321,14693,9705,2.5,"F",4,"Minimum"
"168","5UXKR6C55G0J80545",16400,2016,"BMW","X5 XDRIVE5","X5 XDRIVE5","4DR SPOR","WHITE","Front",28154,44967,31651,4.4,"All",8,"Minimum"
"169","5TDKK3DC8GS756000",7200,2016,"TOYOTA","SIENNA LE","SIENNA LE","SPORTS V","SILVER","Side",35154,21715,16881,3.5,"F",6,"Minimum"
"170","4T1BF1FK7GU548470",4900,2016,"TOYOTA","CAMRY","Camry LE","SEDAN 4D","BLUE","Front",79571,10645,17202,2.5,"F",4,"Pure"
"171","19XFC2F53GE018557",3350,2016,"HONDA","CIVIC LX","CIVIC LX","SEDAN 4D","SILVER","Vandalism",55278,13849,10784,2,"F",4,"Pure"
"172","5TDDK3DC1GS138509",8600,2016,"TOYOTA","SIENNA XLE","SIENNA XLE","SPORTS V","BEIGE","Rear",57746,27000,24000,3.5,"All",6,"Pure"
"173","5TDXK3DC4GS738535",6300,2016,"TOYOTA","SIENNA SE","SIENNA SE","SPORTS V","GRAY","Side",52608,25663,16893,3.5,"F",6,"Minimum"
"174","5YFBURHE9GP398469",4200,2016,"TOYOTA","COROLLA","COROLLA L","SEDAN 4D","SILVER","Side",61987,13103,9150,1.8,"F",4,"Minimum"
"175","3N1CN7AP6GL884884",1500,2016,"NISSAN","VERSA","VERSA S","SEDAN 4D","BLUE","Rear",26167,10375,7182,1.6,"F",4,"Minimum"
"176","1N4AL3AP0GN341684",2950,2016,"NISSAN","ALTIMA","ALTIMA 2.5","SEDAN 4D","SILVER","Front",79221,10861,12932,2.5,"F",4,"Pure"
"177","3N1CN7APXGL821741",850,2016,"NISSAN","VERSA","VERSA S","SEDAN 4D","GRAY","Front",54932,9210,9688,1.6,"F",4,"Pure"
"178","2HGFC1F76GH647862",4950,2016,"HONDA","CIVIC EXL","CIVIC EXL","SEDAN 4D","RED","Front",31975,17603,11846,1.5,"F",4,"Pure"
"179","1HGCR2F88GA170933",7800,2016,"HONDA","ACCORD EXL","ACCORD EXL","SEDAN 4D","BLACK","Side",72953,14428,7243,2.4,"F",4,"Minimum"
"180","5FNRL5H6XGB141240",8700,2016,"HONDA","ODYSSEY EX","ODYSSEY EX","SPORTS V","BLUE","Front",39274,25000,0,3.5,"F",6,"Pure"
"181","3MZBM1U70GM313550",2550,2016,"MAZDA","3","3 SPORT","SEDAN 4D","BLACK","Front",20581,14286,0,2,"F",4,"Pure"
"182","1HGCR2F75GA029552",4650,2016,"HONDA","ACCORD EX","ACCORD EX","SEDAN 4D","BLACK","Front",80647,14205,12640,2.4,"F",4,"Pure"
"183","WBA8E9G56GNT46803",8700,2016,"BMW","3 SERIES","328 I SULE","SEDAN 4D","BLACK","Front",25921,21728,20734,2,"R",4,"Minimum"
"184","5N1AR2MM9GC605089",8700,2016,"NISSAN","PATHFINDER","PATHFINDER","4DR SPOR","GRAY","Rear",41106,26929,0,3.5,"4x4",6,"Pure"
"185","1HGCR2F31GA134473",5800,2016,"HONDA","ACCORD LX","ACCORD LX","SEDAN 4D","GRAY","Rear",43081,16308,11327,2.4,"F",4,"Pure"
"186","1N4AL3AP6GC191835",3250,2016,"NISSAN","ALTIMA","ALTIMA 2.5","SEDAN 4D","WHITE","Side",79132,9976,0,2.5,"F",4,"Pure"
"187","4JGDA5HB5GA809964",18000,2016,"MERCEDES-BENZ","GLE 350 4M","GLE 350 4M","4DR SPOR","BLACK","Front",50935,33098,0,3.5,"All",6,"Minimum"
"188","1N4AL3AP3GC232339",4550,2016,"NISSAN","ALTIMA","ALTIMA 2.5","SEDAN 4D","SILVER","Rear",66889,10597,8702,2.5,"F",4,"Pure"
"189","2HGFC2F58GH546021",3800,2016,"HONDA","CIVIC LX","CIVIC LX","SEDAN 4D","GRAY","Front",85119,13150,0,2,"F",4,"Pure"
"190","19UDE2F33GA014707",3450,2016,"ACURA","ILX","ILX BASE","SEDAN 4D","SILVER","ALL OVER",50533,16865,0,2.4,"F",4,"Minimum"
"191","19XFC1F34GE014848",5300,2016,"HONDA","CIVIC","CIVIC EX","SEDAN 4D","BLACK","Front",31347,16257,13572,1.5,"F",4,"Minimum"
"192","19XFC2F53GE024634",4100,2016,"HONDA","CIVIC LX","CIVIC LX","SEDAN 4D","BLUE","Side",32855,14575,9959,2,"F",4,"Minimum"
"193","19XFC2F78GE084006",3750,2016,"HONDA","CIVIC","CIVIC EX","SEDAN 4D","BLUE","Front",32555,16343,12167,2,"F",4,"Minimum"
"194","KNMAT2MV2GP726358",4600,2016,"NISSAN","ROGUE S","ROGUE S","4DR SPOR","BLUE","Rear",47801,16048,0,2.5,"All",4,"Pure"
"195","2T1BURHE8GC656092",4250,2016,"TOYOTA","COROLLA","COROLLA L","SEDAN 4D","BLUE","Side",44728,13943,13943,1.8,"F",4,"Minimum"
"196","1HGCR2F37GA121940",4050,2016,"HONDA","ACCORD LX","ACCORD LX","SEDAN 4D","BEIGE","Front",42111,16357,0,2.4,"F",4,"Minimum"
"197","1N6BD0CT9GN782201",3800,2016,"NISSAN","FRONTIER S","FRONTIER S","4DR EXT","WHITE","Front",19723,14945,13284,2.5,"R",4,"Minimum"
"198","1N4AL3AP3GC206923",2050,2016,"NISSAN","ALTIMA","ALTIMA 2.5","SEDAN 4D","BLACK","Front",40868,13412,11390,2.5,"F",4,"Pure"
"199","5TDZKRFH0GS175908",10200,2016,"TOYOTA","HIGHLANDER","HIGHLANDER","4DR SPOR","BROWN","Rear",34984,24848,18044,3.5,"F",6,"Pure"
"200","5TDBKRFH8GS354702",10300,2016,"TOYOTA","HIGHLANDER","HIGHLANDER","4DR SPOR","GRAY","Rear",30832,27433,0,3.5,"All",6,"Pure"
"201","1N4AL3APXGN352742",3400,2016,"NISSAN","ALTIMA","ALTIMA 2.5","SEDAN 4D","GRAY","Rear",55297,10430,10910,2.5,"F",4,"Pure"
"202","JM3KE2CY1G0796234",7100,2016,"MAZDA","CX-5 TOURI","CX-5 TOURI","4DR SPOR","WHITE","Side",30324,19325,7274,2.5,"F",4,"Minimum"
"203","3N1AB7AP2GL654100",3150,2016,"NISSAN","SENTRA","SENTRA S","SEDAN 4D","WHITE","Side",51297,10241,8161,1.8,"F",4,"Pure"
"204","2HGFC2F70GH506341",3050,2016,"HONDA","CIVIC","CIVIC EX","SEDAN 4D","BLACK","Rear",40110,14049,8994,2,"F",4,"Pure"
"205","JTEBU5JR1G5337678",9600,2016,"TOYOTA","4RUNNER SR","4RUNNER SR","4DR SPOR","GRAY","Front",59796,27775,0,4,"4x4",6,"Minimum"
"206","1HGCR2F57GA188930",9200,2016,"HONDA","ACCORD SPO","ACCORD SPO","SEDAN 4D","BLACK","Side",21793,18016,9319,2.4,"F",4,"Pure"
"207","2HKRM4H55GH706204",0,2016,"HONDA","CR-V EX","CR-V EX","4DR SPOR","CHARCOAL","Front",43580,20175,10518,2.4,"All",4,"Pure"
"208","JTHCM1D27G5002603",8500,2016,"LEXUS","IS","IS 300","SEDAN 4D","WHITE","Front",21700,25149,19104,3.5,"All",6,"Minimum"
"209","3N1CN7AP7GL903183",1050,2016,"NISSAN","VERSA","VERSA S","SEDAN 4D","GRAY","Front",58771,7880,9238,1.6,"F",4,"Approval"
"210","4T1BF1FK5GU263458",2600,2016,"TOYOTA","CAMRY","Camry LE","SEDAN 4D","BLACK","Front",29403,15650,13232,2.5,"F",4,"Pure"
"211","4T4BF1FK8GR555000",5400,2016,"TOYOTA","CAMRY","Camry LE","SEDAN 4D","GRAY","Rear",39637,15226,10483,2.5,"F",4,"Pure"
"212","3MYDLBZV3GY104387",1600,2016,"TOYOTA","SCION","SCION IA","SEDAN 4D","GRAY","Front",98454,8905,6853,1.5,"F",4,"Minimum"
"213","3N1CN7AP9GL812190",1400,2016,"NISSAN","VERSA","VERSA S","SEDAN 4D","GRAY","Front",77201,7324,0,1.6,"F",4,"Minimum"
"214","3CZRU5H36GM700033",5100,2016,"HONDA","HR-V LX","HR-V LX","4DR SPOR","GRAY","Rear",68739,13845,8000,1.8,"F",4,"Pure"
"215","19XFC2F71GE003914",2800,2016,"HONDA","CIVIC","CIVIC EX","SEDAN 4D","CHARCOAL","Front",60703,14797,11000,2,"F",4,"Pure"
"216","4T4BF1FK0GR550809",5700,2016,"TOYOTA","CAMRY","Camry LE","SEDAN 4D","BLUE","Front",36814,14597,11130,2.5,"F",4,"Minimum"
"217","1N4AL3AP5GC230270",3350,2016,"NISSAN","ALTIMA","ALTIMA 2.5","SEDAN 4D","RED","Front",69626,9797,0,2.5,"F",4,"Minimum"
"218","KNMAT2MV7GP711449",2650,2016,"NISSAN","ROGUE S","ROGUE S","4DR SPOR","WHITE","Front",40649,17255,14000,2.5,"All",4,"Minimum"
"219","2HKRM3H3XGH556387",6100,2016,"HONDA","CR-V LX","CR-V LX","4DR SPOR","CHARCOAL","Side",26628,18571,0,2.4,"F",4,"Pure"
"220","5FNRL5H92GB134177",8900,2016,"HONDA","ODYSSEY TO","ODYSSEY TO","SPORTS V","BLACK","Rear",72773,24417,0,3.5,"F",6,"Pure"
"221","5N1AT2MT9GC888831",4250,2016,"NISSAN","ROGUE S","ROGUE S","4DR SPOR","GRAY","Rear",37493,18163,0,2.5,"F",4,"Pure"
"222","1N4AA6APXGC417625",4450,2016,"NISSAN","MAXIMA","MAXIMA 3.5","SEDAN 4D","BLACK","Rear",57222,18434,0,3.5,"F",6,"Pure"
"223","4T1BF1FK4GU131081",6600,2016,"TOYOTA","CAMRY","Camry LE","SEDAN 4D","GRAY","Side",44728,16916,10040,2.5,"F",4,"Pure"
"224","1N4AA6AP7GC402368",7100,2016,"NISSAN","MAXIMA","MAXIMA 3.5","SEDAN 4D","BLACK","Side",30928,19527,10012,3.5,"F",6,"Pure"
"225","4T1BF1FK5GU159262",6900,2016,"TOYOTA","CAMRY","Camry LE","SEDAN 4D","WHITE","Side",69639,13839,0,2.5,"F",4,"Pure"
"226","JTMWFREVXGD091492",8600,2016,"TOYOTA","RAV4 XLE","RAV4 XLE","4DR SPOR","BLUE","Rear",31170,18781,14779,2.5,"F",4,"Pure"
"227","19XFC2F59GE099547",2950,2016,"HONDA","CIVIC LX","CIVIC LX","SEDAN 4D","WHITE","Rear",29871,13841,9803,2,"F",4,"Minimum"
"228","2HKRM3H56GH526224",7400,2016,"HONDA","CR-V EX","CR-V EX","4DR SPOR","BLUE","Rear",16816,19048,16037,2.4,"F",4,"Pure"
"229","1HGCR2F51GA193220",6500,2016,"HONDA","ACCORD SPO","ACCORD SPO","SEDAN 4D","RED","Front",21894,17316,13416,2.4,"F",4,"Pure"
"230","JTHBA1D26G5029585",8300,2016,"LEXUS","IS","IS 200T","SEDAN 4D","GRAY","Front",25347,23699,17535,2,"R",4,"Minimum"
"231","5TDYKRFH8GS129223",9300,2016,"TOYOTA","HIGHLANDER","HIGHLANDER","4DR SPOR","SILVER","Front",39511,31160,22485,3.5,"F",6,"Pure"
"232","5TDYKRFH7GS123462",14600,2016,"TOYOTA","HIGHLANDER","HIGHLANDER","4DR SPOR","GRAY","Front",43963,33010,15179,3.5,"F",6,"Minimum"
"233","JTEZU5JR3G5114556",6700,2016,"TOYOTA","4RUNNER SR","4RUNNER SR","4DR SPOR","GRAY","Front",60874,25911,24976,4,"R",6,"Minimum"
"234","2HGFC1F37GH630162",2400,2016,"HONDA","CIVIC","CIVIC EX","SEDAN 4D","GRAY","Front",68390,15242,10178,1.5,"F",4,"Minimum"
"235","5J6RM3H96GL006968",8600,2016,"HONDA","CR-V TOURI","CR-V TOURI","4DR SPOR","WHITE","Side",72343,20203,16049,2.4,"F",4,"Pure"
"236","2T3YFREV7GW279835",8500,2016,"TOYOTA","RAV4 LIMIT","RAV4 LIMIT","4DR SPOR","BLACK","Front",47903,21471,16164,2.5,"F",4,"Minimum"
"237","5FNYF5H59GB020712",6600,2016,"HONDA","PILOT EXL","PILOT EXL","4DR SPOR","WHITE","Side",84482,23927,16384,3.5,"F",6,"Pure"
"238","5YFBURHE5GP555348",4650,2016,"TOYOTA","COROLLA","COROLLA L","SEDAN 4D","SILVER","Rear",67710,13240,11757,1.8,"F",4,"Pure"
"239","KNMAT2MT6GP727544",3900,2016,"NISSAN","ROGUE S","ROGUE S","4DR SPOR","WHITE","Front",35179,17025,0,2.5,"F",4,"Pure"
"240","JTMWFREV6GJ065909",7200,2016,"TOYOTA","RAV4 XLE","RAV4 XLE","4DR SPOR","WHITE","Front",81104,18745,14955,2.5,"F",4,"Minimum"
"241","WAUCFAFC7GN191655",6500,2016,"AUDI","A6","A6 PREMIUM","SEDAN 4D","GRAY","Front",41877,26355,19866,2,"F",4,"Minimum"
"242","3CZRU5H39GM703993",6400,2016,"HONDA","HR-V LX","HR-V LX","4DR SPOR","BLACK","Rear",54303,15442,0,1.8,"F",4,"Pure"
"243","5YFBURHE1GP440617",3900,2016,"TOYOTA","COROLLA","COROLLA L","SEDAN 4D","WHITE","Front",72637,12032,15166,1.8,"F",4,"Minimum"
"244","3N1AB7AP5GL648940",2500,2016,"NISSAN","SENTRA","SENTRA S","SEDAN 4D","BLUE","Front",70400,11359,13063,1.8,"F",4,"Minimum"
"245","JM1GJ1W57G1483091",1450,2016,"MAZDA","6","6 GRAND TO","SEDAN 4D","BLACK","Rear",39772,19360,0,2.5,"F",4,"Pure"
"246","5J6RM4H94GL101695",5300,2016,"HONDA","CR-V TOURI","CR-V TOURI","4DR SPOR","BURGUNDY","Front",49258,22612,19008,2.4,"All",4,"Pure"
"247","1N4AL3AP4GN329635",1400,2016,"NISSAN","ALTIMA","ALTIMA 2.5","SEDAN 4D","BROWN","Side",142626,7125,14625,2.5,"F",4,"Pure"
"248","JM1GJ1U59G1466618",1150,2016,"MAZDA","6","6 SPORT","SEDAN 4D","RED","Front",20328,14126,13067,2.5,"F",4,"Pure"
"249","JTEBU5JR0G5323092",14100,2016,"TOYOTA","4RUNNER SR","4RUNNER SR","4DR SPOR","SILVER","Front",45280,31779,21790,4,"4x4",6,"Pure"
"250","JN8AE2KP8G9153411",2150,2016,"NISSAN","QUEST S","QUEST S","SPORTS V","BROWN","Front",20764,17477,15130,3.5,"F",6,"Pure"
"251","5TDKK3DC3GS705083",7900,2016,"TOYOTA","SIENNA LE","SIENNA LE","SPORTS V","SILVER","Front",71323,17103,21123,3.5,"F",6,"Minimum"
"252","3VWD17AJ0GM348433",2100,2016,"VOLKSWAGEN","JETTA","JETTA SPOR","SEDAN 4D","WHITE","Front",96339,10136,6082,1.8,"F",4,"Pure"
"253","19XFC2F51GE055347",2400,2016,"HONDA","CIVIC LX","CIVIC LX","SEDAN 4D","BLACK","ALL OVER",110165,9355,8454,2,"F",4,"Pure"
"254","WBA8E1G57GNT33575",4450,2016,"BMW","3 SERIES","320 I","SEDAN 4D","BLACK","ALL OVER",51940,16707,15264,2,"R",4,"Pure"
"255","5YFBURHE5GP474754",3200,2016,"TOYOTA","COROLLA","COROLLA L","SEDAN 4D","BLUE","Side",27802,12337,9491,1.8,"F",4,"Minimum"
"256","3MYDLBZV2GY124338",5700,2016,"TOYOTA","SCION","SCION IA","SEDAN 4D","BLACK","Front",63150,9369,7062,1.5,"F",4,"Approval"
"257","3N1CN7APXGL913075",1150,2016,"NISSAN","VERSA","VERSA S","SEDAN 4D","GRAY","Front",14755,12029,9869,1.6,"F",4,"Minimum"
"258","3N1CN7AP7GL877619",1650,2016,"NISSAN","VERSA","VERSA S","SEDAN 4D","GRAY","Front",53871,7818,0,1.6,"F",4,"Pure"
"259","1N4AL3AP8GC284291",3150,2016,"NISSAN","ALTIMA","ALTIMA 2.5","SEDAN 4D","GRAY","Front",61342,11862,8817,2.5,"F",4,"Minimum"
"260","5UXKR0C59G0S87076",17100,2016,"BMW","X5 XDRIVE3","X5 XDRIVE3","4DR SPOR","GRAY","Front",61418,30096,0,3,"All",6,"Minimum"
"261","5FNRL5H98GB126584",9200,2016,"HONDA","ODYSSEY TO","ODYSSEY TO","SPORTS V","GRAY","Front",28557,27956,17107,3.5,"F",6,"Pure"
"262","2HKRM4H57GH600112",7000,2016,"HONDA","CR-V EX","CR-V EX","4DR SPOR","BLACK","Rear",17792,21522,13892,2.4,"All",4,"Minimum"
"263","19XFC2F57GE096680",6000,2016,"HONDA","CIVIC LX","CIVIC LX","SEDAN 4D","BLUE","Rear",25440,14624,9076,2,"F",4,"Pure"
"264","3N1AB7AP3GY261435",2100,2016,"NISSAN","SENTRA","SENTRA S","SEDAN 4D","GRAY","Rear",66313,10231,10391,1.8,"F",4,"Minimum"
"265","1N4BL3APXGC198842",4850,2016,"NISSAN","ALTIMA","ALTIMA 3.5","SEDAN 4D","BLUE","Rear",73685,14563,0,3.5,"F",6,"Pure"
"266","1N4AL3AP2GC112161",1900,2016,"NISSAN","ALTIMA","ALTIMA 2.5","SEDAN 4D","SILVER","Rear",82248,12436,12132,2.5,"F",4,"Minimum"
"267","3N1AB7AP7GY230303",1600,2016,"NISSAN","SENTRA","SENTRA S","SEDAN 4D","SILVER","Front",75154,8824,0,1.8,"F",4,"Pure"
"268","1N4AL3AP9GC160076",5800,2016,"NISSAN","ALTIMA","ALTIMA 2.5","SEDAN 4D","WHITE","Rear",35454,14576,10377,2.5,"F",4,"Pure"
"269","3N1CN7APXGL916848",625,2016,"NISSAN","VERSA","VERSA S","SEDAN 4D","GRAY","Front",81563,10337,0,1.6,"F",4,"Minimum"
"270","5N1AT2MV0GC820144",5200,2016,"NISSAN","ROGUE S","ROGUE S","4DR SPOR","BLACK","Front",42225,15989,11484,2.5,"All",4,"Pure"
"271","4T1BK1FK1GU571688",4750,2016,"TOYOTA","CAMRY","Camry XSE","SEDAN 4D","GRAY","Front",27479,22000,20000,3.5,"F",6,"Minimum"
"272","2T1BURHE1GC585401",2500,2016,"TOYOTA","COROLLA","COROLLA L","SEDAN 4D","BLACK","Rear",75193,17205,17205,1.8,"F",4,"Pure"
"273","1N4AA6AP7GC416464",6200,2016,"NISSAN","MAXIMA","MAXIMA 3.5","SEDAN 4D","WHITE","Front",46195,17523,0,3.5,"F",6,"Pure"
"274","3N1AB7AP9GL674537",2950,2016,"NISSAN","SENTRA","SENTRA S","SEDAN 4D","BLACK","Rear",91472,10349,9403,1.8,"F",4,"Minimum"
"275","2T1BURHE4GC554434",4600,2016,"TOYOTA","COROLLA","COROLLA L","SEDAN 4D","WHITE","Front",51600,15100,13700,1.8,"F",4,"Pure"
"276","3N1AB7AP5GY218134",1000,2016,"NISSAN","SENTRA","SENTRA S","SEDAN 4D","BLACK","Front",79435,9981,12033,1.8,"F",4,"Minimum"
"277","3CZRU5H52GM741258",4800,2016,"HONDA","HR-V EX","HR-V EX","4DR SPOR","WHITE","Front",35685,17695,11311,1.8,"F",4,"Pure"
"278","1N4AL3AP8GC177550",5000,2016,"NISSAN","ALTIMA","ALTIMA 2.5","SEDAN 4D","WHITE","Front",88387,12797,11914,2.5,"F",4,"Minimum"
"279","1N4AA6AP7GC406825",4950,2016,"NISSAN","MAXIMA","MAXIMA 3.5","SEDAN 4D","WHITE","Rear",51055,18432,15411,3.5,"F",6,"Pure"
"280","JTMZFREV9GD087401",5900,2016,"TOYOTA","RAV4 LE","RAV4 LE","4DR SPOR","GRAY","Front",73158,14921,8221,2.5,"F",4,"Pure"
"281","5YFBURHE8GP434295",2750,2016,"TOYOTA","COROLLA","COROLLA L","SEDAN 4D","BLACK","Front",42665,13742,8417,1.8,"F",4,"Minimum"
"282","2T1BURHE3GC602103",5600,2016,"TOYOTA","COROLLA","COROLLA L","SEDAN 4D","WHITE","Front",50889,15165,12236,1.8,"F",4,"Minimum"
"283","4T1BF1FK9GU117712",6500,2016,"TOYOTA","CAMRY","Camry LE","SEDAN 4D","WHITE","Front",127189,9477,8363,2.5,"F",4,"Minimum"
"284","JTMRFREV4GJ103828",7900,2016,"TOYOTA","RAV4 XLE","RAV4 XLE","4DR SPOR","ORANGE","Front",20954,21606,21606,2.5,"All",4,"Minimum"
"285","JN8AF5MV4GT658777",2900,2016,"NISSAN","JUKE S","JUKE S","4DR SPOR","BLACK","Front",47473,14750,0,1.6,"All",4,"Minimum"
"286","4T1BF1FK8GU242202",6300,2016,"TOYOTA","CAMRY","Camry LE","SEDAN 4D","BLACK","Side",34773,12569,10680,2.5,"F",4,"Pure"
"287","1HGCR2F57GA117842",3550,2016,"HONDA","ACCORD SPO","ACCORD SPO","SEDAN 4D","GRAY","Rear",60103,16050,14586,2.4,"F",4,"Approval"
"288","19UUB1F32GA015673",4150,2016,"ACURA","TLX","TLX","SEDAN 4D","WHITE","Front",42782,17033,13890,2.4,"F",4,"Minimum"
"289","2T1BURHE9GC641424",3500,2016,"TOYOTA","COROLLA","COROLLA L","SEDAN 4D","BLUE","Rear",21530,12079,9314,1.8,"F",4,"Pure"
"290","4T1BK1EB4GU219724",9400,2016,"TOYOTA","AVALON","AVALON XLE","SEDAN 4D","BLACK","Front",28311,22373,14142,3.5,"F",6,"Minimum"
"291","JTHBK1GG4G2234893",13800,2016,"LEXUS","ES350","ES 350","SEDAN 4D","BLUE","Front",15579,24860,23840,3.5,"F",6,"Pure"
"292","5TDYK3DC3GS733198",7900,2016,"TOYOTA","SIENNA XLE","SIENNA XLE","SPORTS V","SILVER","Front",24601,24800,0,3.5,"F",6,"Minimum"
"293","3N1CN7AP0GL861908",1800,2016,"NISSAN","VERSA","VERSA S","SEDAN 4D","RED","Front",36110,9095,8184,1.6,"F",4,"Pure"
"294","19UDE2F86GA016365",1950,2016,"ACURA","ILX","ILX PREMIU","SEDAN 4D","WHITE","Front",95098,13691,10777,2.4,"F",4,"Pure"
"295","2HKRM3H59GH518490",6800,2016,"HONDA","CR-V EX","CR-V EX","4DR SPOR","BURGUNDY","Rear",45664,17758,12277,2.4,"F",4,"Pure"
"296","5N1AT2MT2GC829331",2100,2016,"NISSAN","ROGUE S","ROGUE S","4DR SPOR","BLACK","Side",34773,15958,9031,2.5,"F",4,"Minimum"
"297","WDC0G4JB5GF109266",13500,2016,"MERCEDES-BENZ","GLC 300","GLC 300","4DR SPOR","SILVER","Front",27507,28740,26460,2,"R",4,"Pure"
"298","KNMAT2MV7GP732916",4600,2016,"NISSAN","ROGUE S","ROGUE S","4DR SPOR","GRAY","Rear",51882,14953,11290,2.5,"All",4,"Pure"
"299","2HGFC4B06GH314149",3750,2016,"HONDA","CIVIC LX","CIVIC LX","COUPE","RED","Rear",29857,14562,0,2,"F",4,"Minimum"
"300","WBA8E9C52GK645034",5900,2016,"BMW","3 SERIES","328 I SULE","SEDAN 4D","WHITE","Rear",66901,19617,0,2,"R",4,"Minimum"
"301","JTJBARBZXG2063754",9200,2016,"LEXUS","NX 200T","NX 200T","4DR SPOR","GRAY","Front",48002,28489,0,2,"All",4,"Minimum"
"302","WBAKN9C53GD962363",12500,2016,"BMW","550 I","550 I","SEDAN 4D","CHARCOAL","Front",18761,39008,35491,4.4,"R",8,"Pure"
"303","4T4BF1FK8GR576915",2800,2016,"TOYOTA","CAMRY","Camry LE","SEDAN 4D","WHITE","Rear",45499,15352,25998,2.5,"F",4,"Minimum"
"304","5FNYF5H53GB027641",10200,2016,"HONDA","PILOT EXL","PILOT EXL","4DR SPOR","GRAY","Front",30404,27188,27188,3.5,"F",6,"Pure"
"305","5FNRL5H6XGB011667",4600,2016,"HONDA","ODYSSEY EX","ODYSSEY EX","SPORTS V","CHARCOAL","Rear",33179,26656,9335,3.5,"F",6,"Pure"
"306","19XFC2F78GE055427",3600,2016,"HONDA","CIVIC","CIVIC EX","SEDAN 4D","CHARCOAL","Front",20032,17384,14492,2,"F",4,"Pure"
"307","2T1BURHE1GC630031",3600,2016,"TOYOTA","COROLLA","COROLLA L","SEDAN 4D","BLACK","Rear",47370,12130,0,1.8,"F",4,"Minimum"
"308","5N1AT2MV5GC830782",4200,2016,"NISSAN","ROGUE S","ROGUE S","4DR SPOR","BLACK","Front",38736,18000,0,2.5,"All",4,"Pure"
"309","1N4AL3AP3GC256995",3200,2016,"NISSAN","ALTIMA","ALTIMA 2.5","SEDAN 4D","RED","Side",34793,13789,0,2.5,"F",4,"Minimum"
"310","2HKRM4H5XGH635257",6100,2016,"HONDA","CR-V EX","CR-V EX","4DR SPOR","GRAY","Front",44417,19276,0,2.4,"All",4,"Minimum"
"311","1HGCR2F78GA006136",5500,2016,"HONDA","ACCORD EX","ACCORD EX","SEDAN 4D","GRAY","Front",71950,14254,0,2.4,"F",4,"Minimum"
"312","2HGFC2F76GH500608",3300,2016,"HONDA","CIVIC","CIVIC EX","SEDAN 4D","BLACK","Rear",62076,11252,10405,2,"F",4,"Approval"
"313","2T1BURHEXGC558844",2850,2016,"TOYOTA","COROLLA","COROLLA L","SEDAN 4D","BLUE","Side",28218,14698,10437,1.8,"F",4,"Pure"
"314","JN8AF5MR1GT603688",3450,2016,"NISSAN","JUKE S","JUKE S","4DR SPOR","WHITE","Front",45711,15809,13455,1.6,"F",4,"Minimum"
"315","2T1BURHE5GC716555",4550,2016,"TOYOTA","COROLLA","COROLLA L","SEDAN 4D","BLUE","Rear",36364,12887,9280,1.8,"F",4,"Pure"
"316","4T1BF1FK2GU135291",3600,2016,"TOYOTA","CAMRY","Camry LE","SEDAN 4D","BLACK","Rear",63612,14523,16883,2.5,"F",4,"Minimum"
"317","1N4AL3AP6GC166661",3350,2016,"NISSAN","ALTIMA","ALTIMA 2.5","SEDAN 4D","BLUE","Rear",25594,15303,11158,2.5,"F",4,"Pure"
"318","5YFBURHE4GP442541",3600,2016,"TOYOTA","COROLLA","COROLLA L","SEDAN 4D","GRAY","Front",73137,12650,0,1.8,"F",4,"Minimum"
"319","2HKRM3H70GH519190",8600,2016,"HONDA","CR-V EXL","CR-V EXL","4DR SPOR","SILVER","Front",7000,23022,16665,2.4,"F",4,"Pure"
"320","4T1BF1FK9GU198565",5500,2016,"TOYOTA","CAMRY","Camry LE","SEDAN 4D","SILVER","Front",23814,16469,19953,2.5,"F",4,"Pure"
"321","3N1AB7AP7GY262359",1800,2016,"NISSAN","SENTRA","SENTRA S","SEDAN 4D","BLUE","Front",51949,11345,10775,1.8,"F",4,"Pure"
"322","2T1BURHE8GC717585",2700,2016,"TOYOTA","COROLLA","COROLLA L","SEDAN 4D","SILVER","Front",71161,11448,0,1.8,"F",4,"Approval"
"323","1N4AL3AP6GC143414",3350,2016,"NISSAN","ALTIMA","ALTIMA 2.5","SEDAN 4D","GRAY","Front",72647,12751,0,2.5,"F",4,"Pure"
"324","3N1AB7AP2GY278646",1000,2016,"NISSAN","SENTRA","SENTRA S","SEDAN 4D","GRAY","Front",47148,12008,0,1.8,"F",4,"Minimum"
"325","3N1CN7AP4GL819631",2100,2016,"NISSAN","VERSA","VERSA S","SEDAN 4D","RED","Front",56045,8519,5314,1.6,"F",4,"Minimum"
"326","KNMAT2MV1GP644122",7300,2016,"NISSAN","ROGUE S","ROGUE S","4DR SPOR","GRAY","Front",24147,19341,19341,2.5,"All",4,"Pure"
"327","JN8AE2KP4G9152630",1900,2016,"NISSAN","QUEST S","QUEST S","SPORTS V","SILVER","ROLLOVER",58810,13666,0,3.5,"F",6,"Minimum"
"328","19XFC1F91GE222061",4900,2016,"HONDA","CIVIC","CIVIC TOUR","SEDAN 4D","BLACK","Front",64992,15198,9839,1.5,"F",4,"Pure"
"329","5J6RM4H58GL105133",7900,2016,"HONDA","CR-V EX","CR-V EX","4DR SPOR","BLUE","Front",48841,19120,11703,2.4,"All",4,"Pure"
"330","3N1AB7AP0GL648912",2900,2016,"NISSAN","SENTRA","SENTRA S","SEDAN 4D","BLACK","Side",60909,10081,9926,1.8,"F",4,"Minimum"
"331","JM1BM1T72G1336376",2750,2016,"MAZDA","3","3 SPORT","SEDAN 4D","BLUE","Front",45085,10843,10089,2,"F",4,"Minimum"
"332","4T1BF1FK1GU614172",4850,2016,"TOYOTA","CAMRY","Camry LE","SEDAN 4D","TAN","Front",35770,14952,15986,2.5,"F",4,"Minimum"
"333","JM1GJ1U52G1424890",3150,2016,"MAZDA","6","6 SPORT","SEDAN 4D","CHARCOAL","Rear",78051,12016,12127,2.5,"F",4,"Pure"
"334","JTJBM7FX5G5126570",17500,2016,"LEXUS","GX","GX","4DR SPOR","WHITE","Front",41660,37606,24748,4.6,"All",8,"Pure"
"335","5YFBURHE2GP514031",4150,2016,"TOYOTA","COROLLA","COROLLA L","SEDAN 4D","WHITE","Front",53675,13542,9521,1.8,"F",4,"Pure"
"336","2HGFC2F53GH564135",2950,2016,"HONDA","CIVIC LX","CIVIC LX","SEDAN 4D","GRAY","Front",22079,15077,11383,2,"F",4,"Pure"
"337","4T1BK1EB3GU226065",9100,2016,"TOYOTA","AVALON","AVALON XLE","SEDAN 4D","WHITE","Front",80266,18955,27688,3.5,"F",6,"Pure"
"338","1HGCR2F56GA037383",4600,2016,"HONDA","ACCORD SPO","ACCORD SPO","SEDAN 4D","BLACK","Side",35158,18997,16049,2.4,"F",4,"Pure"
"339","3N1CN7AP2GL900790",1400,2016,"NISSAN","VERSA","VERSA S","SEDAN 4D","SILVER","Side",48201,10327,0,1.6,"F",4,"Minimum"
"340","3N1AB7AP1GY270330",2100,2016,"NISSAN","SENTRA","SENTRA S","SEDAN 4D","GRAY","Front",43560,11211,11398,1.8,"F",4,"Minimum"
"341","WBA8E1G51GNT37184",8800,2016,"BMW","3 SERIES","320 I","SEDAN 4D","WHITE","Rear",28441,19647,0,2,"R",4,"Minimum"
"342","1HGCR2F37GA181412",6000,2016,"HONDA","ACCORD LX","ACCORD LX","SEDAN 4D","BLUE","Rear",36426,16268,8894,2.4,"F",4,"Minimum"
"343","JM1GJ1V57G1484534",4850,2016,"MAZDA","6","6 TOURING","SEDAN 4D","BLUE","Front",23667,17186,15894,2.5,"F",4,"Minimum"
"344","4T1BF1FK1GU207484",6700,2016,"TOYOTA","CAMRY","Camry LE","SEDAN 4D","SILVER","Rear",39745,14019,4435,2.5,"F",4,"Pure"
"345","19XFC1F36GE203744",4850,2016,"HONDA","CIVIC","CIVIC EX","SEDAN 4D","BLUE","Front",35326,17526,13679,1.5,"F",4,"Minimum"
"346","WBA5B1C58GG553796",9200,2016,"BMW","535 I","535 I","SEDAN 4D","CHARCOAL","Side",10496,28000,0,3,"R",6,"Minimum"
"347","JM1GJ1V5XG1421833",4650,2016,"MAZDA","6","6 TOURING","SEDAN 4D","CHARCOAL","Front",80915,12691,5741,2.5,"F",4,"Minimum"
"348","1VWAS7A36GC024955",3850,2016,"VOLKSWAGEN","PASSAT","PASSAT S","SEDAN 4D","BLUE","Rear",30293,12737,11076,1.8,"F",4,"Approval"
"349","1N4AL3AP8GC214970",4900,2016,"NISSAN","ALTIMA","ALTIMA 2.5","SEDAN 4D","BLACK","Side",41363,13966,6816,2.5,"F",4,"Minimum"
"350","1VWBT7A34GC020193",5800,2016,"VOLKSWAGEN","PASSAT","PASSAT SE","SEDAN 4D","GRAY","Front",28074,15723,8368,1.8,"F",4,"Minimum"
"351","KNMAT2MV5GP692285",2000,2016,"NISSAN","ROGUE S","ROGUE S","4DR SPOR","WHITE","Front",51039,15101,0,2.5,"All",4,"Minimum"
"352","1N4BL3APXGC160561",1400,2016,"NISSAN","ALTIMA","ALTIMA 3.5","SEDAN 4D","BLACK","Rear",62209,15464,19073,3.5,"F",6,"Minimum"
"353","WAUA7GFF5G1075220",4150,2016,"AUDI","A3","A3 PREMIUM","SEDAN 4D","BLACK","Front",45858,17117,12690,1.8,"F",4,"Pure"
"354","1N4AL3AP8GC218209",2800,2016,"NISSAN","ALTIMA","ALTIMA 2.5","SEDAN 4D","GRAY","Rear",56751,11379,8325,2.5,"F",4,"Pure"
"355","3N1CN7AP2GL878306",1200,2016,"NISSAN","VERSA","VERSA S","SEDAN 4D","BLACK","Side",13515,10787,11566,1.6,"F",4,"Pure"
"356","3N1CN7AP2GL845953",1850,2016,"NISSAN","VERSA","VERSA S","SEDAN 4D","SILVER","Rear",10322,10797,5292,1.6,"F",4,"Pure"
"357","1HGCR2F37GA145378",5700,2016,"HONDA","ACCORD LX","ACCORD LX","SEDAN 4D","SILVER","Rear",39653,15127,7272,2.4,"F",4,"Pure"
"358","2T3JFREV3GW447214",13200,2016,"TOYOTA","RAV4 SE","RAV4 SE","4DR SPOR","WHITE","Rear",29773,23961,11274,2.5,"All",4,"Pure"
"359","3CZRU6H31GM747752",5600,2016,"HONDA","HR-V LX","HR-V LX","4DR SPOR","BLACK","Front",39121,17188,13216,1.8,"All",4,"Pure"
"360","4T1BF1FK7GU157383",6300,2016,"TOYOTA","CAMRY","Camry LE","SEDAN 4D","SILVER","Front",36452,14548,7293,2.5,"F",4,"Minimum"
"361","KNMAT2MV6GP682199",7000,2016,"NISSAN","ROGUE S","ROGUE S","4DR SPOR","BLACK","Rear",33903,26083,12436,2.5,"All",4,"Minimum"
"362","1N4AA6AP3GC402352",3750,2016,"NISSAN","MAXIMA","MAXIMA 3.5","SEDAN 4D","BLACK","Front",40033,19142,9983,3.5,"F",6,"Pure"
"363","2T1BURHE6GC487786",3050,2016,"TOYOTA","COROLLA","COROLLA L","SEDAN 4D","SILVER","Front",39159,11597,16237,1.8,"F",4,"Minimum"
"364","5FNYF6H54GB041229",10100,2016,"HONDA","PILOT EXL","PILOT EXL","4DR SPOR","GRAY","Front",21045,28779,15447,3.5,"All",6,"Minimum"
"365","1N4AL3AP7GC224972",2950,2016,"NISSAN","ALTIMA","ALTIMA 2.5","SEDAN 4D","BLACK","Side",71369,10327,9650,2.5,"F",4,"Pure"
"366","3N1CN7AP1GL859276",1500,2016,"NISSAN","VERSA","VERSA S","SEDAN 4D","BLUE","Front",45934,9326,1620,1.6,"F",4,"Pure"
"367","JTMDFREV8GJ074411",11900,2016,"TOYOTA","RAV4 LIMIT","RAV4 LIMIT","4DR SPOR","RED","Rear",36162,26257,17839,2.5,"All",4,"Pure"
"368","KNMAT2MTXGP598644",4850,2016,"NISSAN","ROGUE S","ROGUE S","4DR SPOR","GRAY","Front",45209,17480,11256,2.5,"F",4,"Pure"
"369","2T1BURHE1GC498520",5000,2016,"TOYOTA","COROLLA","COROLLA L","SEDAN 4D","BLACK","Rear",81139,13887,8883,1.8,"F",4,"Minimum"
"370","WBA3N9C51GK249249",9900,2016,"BMW","428 XI","428 XI","COUPE","BLUE","Rear",30766,25698,21193,2,"All",4,"Minimum"
"371","3N1AB7AP9GY283472",1950,2016,"NISSAN","SENTRA","SENTRA S","SEDAN 4D","WHITE","Front",70607,8455,11226,1.8,"F",4,"Minimum"
"372","3N1AB7AP3GY247860",1800,2016,"NISSAN","SENTRA","SENTRA S","SEDAN 4D","WHITE","Mechanical",89438,7267,3000,1.8,"F",4,"Minimum"
"373","JM3KE4DY9G0749396",9000,2016,"MAZDA","CX-5 GT","CX-5 GT","4DR SPOR","BLUE","Side",41547,20745,15764,2.5,"All",4,"Minimum"
"374","4T1BF1FK1GU595879",5600,2016,"TOYOTA","CAMRY","Camry LE","SEDAN 4D","RED","Front",51418,13114,11742,2.5,"F",4,"Pure"
"375","5TDJKRFH3GS248105",14100,2016,"TOYOTA","HIGHLANDER","HIGHLANDER","4DR SPOR","BLUE","Front",60474,25091,0,3.5,"All",6,"Minimum"
"376","2HKRM4H51GH621487",7900,2016,"HONDA","CR-V EX","CR-V EX","4DR SPOR","BLUE","Side",39407,20178,13779,2.4,"All",4,"Minimum"
"377","5N1AT2MVXGC888662",3900,2016,"NISSAN","ROGUE S","ROGUE S","4DR SPOR","GRAY","Front",17450,17673,10306,2.5,"All",4,"Minimum"
"378","2T1BURHE0GC602723",4750,2016,"TOYOTA","COROLLA","COROLLA L","SEDAN 4D","BROWN","Rear",46029,14461,12103,1.8,"F",4,"Pure"
"379","2T2BZMCA0GC007164",18300,2016,"LEXUS","RX 350","RX 350","4DR SPOR","WHITE","ALL OVER",49917,40169,0,3.5,"All",6,"Pure"
"380","3N1CN7AP6GL814589",2650,2016,"NISSAN","VERSA","VERSA S","SEDAN 4D","SILVER","Rear",87741,7957,5464,1.6,"F",4,"Pure"
"381","2T2BZMCA5GC046946",17400,2016,"LEXUS","RX 350","RX 350","4DR SPOR","SILVER","Front",26906,36187,18476,3.5,"All",6,"Approval"
"382","5N1AR2MM1GC614093",6600,2016,"NISSAN","PATHFINDER","PATHFINDER","4DR SPOR","SILVER","Front",28722,24712,18886,3.5,"4x4",6,"Minimum"
"383","1N4AL3AP5GC268064",3500,2016,"NISSAN","ALTIMA","ALTIMA 2.5","SEDAN 4D","BLUE","Side",29683,11158,8421,2.5,"F",4,"Pure"
"384","1N4AA6AP4GC407141",4150,2016,"NISSAN","MAXIMA","MAXIMA 3.5","SEDAN 4D","WHITE","Front",57731,19732,14391,3.5,"F",6,"Minimum"
"385","4T1BF1FK9GU509394",2500,2016,"TOYOTA","CAMRY","Camry LE","SEDAN 4D","RED","Side",44500,16596,18127,2.5,"F",4,"Minimum"
"386","2HKRM3H34GH511901",3850,2016,"HONDA","CR-V LX","CR-V LX","4DR SPOR","BLACK","Front",75703,15602,14814,2.4,"F",4,"Pure"
"387","3VW267AJ1GM386990",1350,2016,"VOLKSWAGEN","JETTA","JETTA S","SEDAN 4D","GRAY","Front",62408,9789,10953,1.4,"F",4,"Minimum"
"388","5TDYK3DC4GS702655",9000,2016,"TOYOTA","SIENNA XLE","SIENNA XLE","SPORTS V","SILVER","Rear",46384,25579,18048,3.5,"F",6,"Minimum"
"389","3VW267AJXGM208494",1950,2016,"VOLKSWAGEN","JETTA","JETTA S","SEDAN 4D","WHITE","Front",31115,11173,10014,1.4,"F",4,"Pure"
"390","1HGCR2F36GA045479",5600,2016,"HONDA","ACCORD LX","ACCORD LX","SEDAN 4D","WHITE","Side",44133,17432,10719,2.4,"F",4,"Pure"
"391","5YFBURHEXGP563123",3150,2016,"TOYOTA","COROLLA","COROLLA L","SEDAN 4D","SILVER","Front",32706,13519,10173,1.8,"F",4,"Pure"
"392","5FNRL5H99GB037929",5200,2016,"HONDA","ODYSSEY TO","ODYSSEY TO","SPORTS V","GRAY","Side",114852,23007,0,3.5,"F",6,"Pure"
"393","3CZRM3H37GG705938",6100,2016,"HONDA","CR-V LX","CR-V LX","4DR SPOR","SILVER","Front",34762,16718,8228,2.4,"F",4,"Minimum"
"394","3N1AB7AP3GY339356",2100,2016,"NISSAN","SENTRA","SENTRA S","SEDAN 4D","CHARCOAL","Front",59329,10487,0,1.8,"F",4,"Approval"
"395","2HGFC4B52GH312023",2900,2016,"HONDA","CIVIC LX","CIVIC LX","COUPE","BLACK","Front",16196,16012,0,2,"F",4,"Pure"
"396","5FNYF5H61GB008112",4450,2016,"HONDA","PILOT EXL","PILOT EXL","4DR SPOR","BLACK","Side",99689,19705,15198,3.5,"F",6,"Pure"
"397","KNMAT2MT3GP668890",6100,2016,"NISSAN","ROGUE S","ROGUE S","4DR SPOR","WHITE","Side",40063,16063,12217,2.5,"F",4,"Minimum"
"398","19XFC2F70GE073355",5700,2016,"HONDA","CIVIC","CIVIC EX","SEDAN 4D","BLACK","Rear",55676,13750,8793,2,"F",4,"Pure"
"399","1N4AL3AP9GC260727",1800,2016,"NISSAN","ALTIMA","ALTIMA 2.5","SEDAN 4D","GRAY","Front",80764,9714,9714,2.5,"F",4,"Pure"
"400","2T1BURHE8GC725296",4000,2016,"TOYOTA","COROLLA","COROLLA L","SEDAN 4D","RED","Front",36610,13999,10578,1.8,"F",4,"Minimum"
"401","2HGFC2F71GH506154",4100,2016,"HONDA","CIVIC","CIVIC EX","SEDAN 4D","GRAY","Front",49450,14649,0,2,"F",4,"Pure"
"402","WBA5B1C53GG133590",7000,2016,"BMW","535 I","535 I","SEDAN 4D","WHITE","Front",59490,28118,20969,3,"R",6,"Pure"
"403","4T1BF1FK0GU194713",5800,2016,"TOYOTA","CAMRY","Camry LE","SEDAN 4D","BLACK","Wear",63579,19500,0,2.5,"F",4,"Minimum"
"404","JN8AT2MT5GW026360",3250,2016,"NISSAN","ROGUE S","ROGUE S","4DR SPOR","SILVER","Front",3732,16326,18346,2.5,"F",4,"Minimum"
"405","WVGAV7AX4GW583704",9200,2016,"VOLKSWAGEN","TIGUAN S","TIGUAN S","4DR SPOR","BLACK","Under",16477,16036,6054,2,"F",4,"Minimum"
"406","JTEBU5JR5G5405285",14100,2016,"TOYOTA","4RUNNER SR","4RUNNER SR","4DR SPOR","BLACK","Front",27726,35436,22063,4,"4x4",6,"Pure"
"407","55SWF4JB7GU170530",16400,2016,"MERCEDES-BENZ","C CLASS","C 300","SEDAN 4D","WHITE","Rear",18946,32411,21053,2,"R",4,"Minimum"
"408","3CZRU6H52GM746918",3350,2016,"HONDA","HR-V EX","HR-V EX","4DR SPOR","GRAY","Front",25155,19029,16168,1.8,"All",4,"Minimum"
"409","19XFC2F59GE003979",3650,2016,"HONDA","CIVIC LX","CIVIC LX","SEDAN 4D","GRAY","Rear",37822,15291,13356,2,"F",4,"Minimum"
"410","5J6RM4H42GL081693",5500,2016,"HONDA","CR-V SE","CR-V SE","4DR SPOR","WHITE","Front",31172,20222,13428,2.4,"All",4,"Minimum"
"411","19XFC1F30GE038886",7600,2016,"HONDA","CIVIC","CIVIC EX","SEDAN 4D","BLUE","Front",39950,15532,0,1.5,"F",4,"Minimum"
"412","2HGFC2F58GH544320",4000,2016,"HONDA","CIVIC LX","CIVIC LX","SEDAN 4D","RED","Front",38065,12971,9717,2,"F",4,"Minimum"
"413","3MZBM1U74GM249528",2150,2016,"MAZDA","3","3 SPORT","SEDAN 4D","GRAY","Front",65528,10677,8161,2,"F",4,"Minimum"
"414","JN8AT2MV3GW144327",3550,2016,"NISSAN","ROGUE S","ROGUE S","4DR SPOR","GRAY","Rear",28990,18735,17898,2.5,"All",4,"Approval"
"415","19XFC1F39GE035324",4700,2016,"HONDA","CIVIC","CIVIC EX","SEDAN 4D","BLACK","Rear",25967,30955,0,1.5,"F",4,"Pure"
"416","1N4AL3AP7GN390221",4100,2016,"NISSAN","ALTIMA","ALTIMA 2.5","SEDAN 4D","GRAY","Front",21406,14598,0,2.5,"F",4,"Minimum"
"417","JM3KE4CY7G0919501",3550,2016,"MAZDA","CX-5 TOURI","CX-5 TOURI","4DR SPOR","BLUE","ALL OVER",20618,20726,15940,2.5,"All",4,"Pure"
"418","1HGCR2F58GA158190",2600,2016,"HONDA","ACCORD SPO","ACCORD SPO","SEDAN 4D","RED","Front",70417,14557,16552,2.4,"F",4,"Pure"
"419","3MYDLBZV5GY117030",2400,2016,"TOYOTA","SCION","SCION IA","SEDAN 4D","BLUE","Rear",25601,12536,14237,1.5,"F",4,"Minimum"
"420","1N4AL3AP2GC259791",1750,2016,"NISSAN","ALTIMA","ALTIMA 2.5","SEDAN 4D","WHITE","Rear",26909,14380,12106,2.5,"F",4,"Minimum"
"421","2HGFC2F7XGH502801",4750,2016,"HONDA","CIVIC","CIVIC EX","SEDAN 4D","GRAY","Front",30357,16976,25366,2,"F",4,"Minimum"
"422","4T1BF1FKXGU555719",6800,2016,"TOYOTA","CAMRY","Camry LE","SEDAN 4D","SILVER","Rear",31784,16175,13068,2.5,"F",4,"Pure"
"423","5YFBURHE6GP558856",4450,2016,"TOYOTA","COROLLA","COROLLA L","SEDAN 4D","BLACK","Front",30372,15386,11183,1.8,"F",4,"Pure"
"424","19XFC2F50GE087898",2300,2016,"HONDA","CIVIC LX","CIVIC LX","SEDAN 4D","SILVER","ALL OVER",26845,15038,10300,2,"F",4,"Minimum"
"425","4JGDA5JB9GA668455",13200,2016,"MERCEDES-BENZ","GLE 350","GLE 350","4DR SPOR","BLACK","Front",27255,36771,33710,3.5,"R",6,"Pure"
"426","JTMNFREV3GJ086843",6800,2016,"TOYOTA","RAV4 SE","RAV4 SE","4DR SPOR","WHITE","Side",25427,23278,21170,2.5,"F",4,"Pure"
"427","19XFC1F77GE202105",4950,2016,"HONDA","CIVIC EXL","CIVIC EXL","SEDAN 4D","BLUE","Rear",64659,14428,12356,1.5,"F",4,"Minimum"
"428","1HGCR2F59GA032436",4300,2016,"HONDA","ACCORD SPO","ACCORD SPO","SEDAN 4D","WHITE","Front",43255,17888,15337,2.4,"F",4,"Minimum"
"429","2HGFC1F31GH645384",4600,2016,"HONDA","CIVIC","CIVIC EX","SEDAN 4D","WHITE","Rear",19655,17473,0,1.5,"F",4,"Minimum"
"430","JTHBA1BL1GA001938",18000,2016,"LEXUS","GS200","GS 200T","SEDAN 4D","WHITE","Side",49208,22787,18978,2,"R",4,"Minimum"
"431","JM1GJ1W5XG1486468",8500,2016,"MAZDA","6","6 GRAND TO","SEDAN 4D","WHITE","Front",22167,19626,14428,2.5,"F",4,"Minimum"
"432","WBS3U9C51GP969460",22200,2016,"BMW","M4","M4","CONVERTI","BLACK","Rear",13551,55000,0,3,"R",6,"Approval"
"433","WBA6D0C50GG639337",16400,2016,"BMW","6 SERIES","640 I","SEDAN 4D","BLACK","Rear",80957,40491,25173,3,"R",6,"Pure"
"434","WAUA7GFF4G1043035",5500,2016,"AUDI","A3","A3 PREMIUM","SEDAN 4D","WHITE","Front",51547,19414,15422,1.8,"F",4,"Minimum"
"435","1N4AL3AP3GN366305",2850,2016,"NISSAN","ALTIMA","ALTIMA 2.5","SEDAN 4D","BLACK","Front",41557,12026,11247,2.5,"F",4,"Minimum"
"436","2T3WFREV3GW260688",8700,2016,"TOYOTA","RAV4 XLE","RAV4 XLE","4DR SPOR","BLACK","Front",13974,19958,15016,2.5,"F",4,"Pure"
"437","3N1AB7AP8GY213770",1750,2016,"NISSAN","SENTRA","SENTRA S","SEDAN 4D","BLUE","Rear",79771,6171,0,1.8,"F",4,"Pure"
"438","3CZRU5G5XGM749335",4350,2016,"HONDA","HR-V EX","HR-V EX","4DR SPOR","GREEN","Rear",19637,17492,12623,1.8,"F",4,"Minimum"
"439","5YFBURHE0GP545116",3250,2016,"TOYOTA","COROLLA","COROLLA L","SEDAN 4D","SILVER","Front",64822,10213,10101,1.8,"F",4,"Minimum"
"440","4T1BF1FKXGU538161",4800,2016,"TOYOTA","CAMRY","Camry LE","SEDAN 4D","BLUE","Side",87316,12600,15125,2.5,"F",4,"Minimum"
"441","5TDKK3DC5GS708566",6800,2016,"TOYOTA","SIENNA LE","SIENNA LE","SPORTS V","WHITE","Front",29516,21970,21057,3.5,"F",6,"Minimum"
"442","1HGCR2F97GA246988",6500,2016,"HONDA","ACCORD EXL","ACCORD EXL","SEDAN 4D","SILVER","Side",57389,17587,13850,2.4,"F",4,"Pure"
"443","4T4BF1FK2GR566090",4200,2016,"TOYOTA","CAMRY","Camry LE","SEDAN 4D","BLACK","Front",46540,9469,9615,2.5,"F",4,"Pure"
"444","5FNRL5H66GB110924",6100,2016,"HONDA","ODYSSEY EX","ODYSSEY EX","SPORTS V","BLUE","Front",47369,23921,15943,3.5,"F",6,"Pure"
"445","5FNRL5H41GB053286",4600,2016,"HONDA","ODYSSEY EX","ODYSSEY EX","SPORTS V","SILVER","Front",40518,20936,19486,3.5,"F",6,"Pure"
"446","2T1BURHE5GC710304",3200,2016,"TOYOTA","COROLLA","COROLLA L","SEDAN 4D","WHITE","Front",89858,14000,0,1.8,"F",4,"Approval"
"447","5YFBURHE4GP565465",3850,2016,"TOYOTA","COROLLA","COROLLA L","SEDAN 4D","WHITE","Front",36104,12731,10829,1.8,"F",4,"Minimum"
"448","55SWF4JB3GU151599",11800,2016,"MERCEDES-BENZ","C CLASS","C 300","SEDAN 4D","BLACK","Rear",48881,26924,0,2,"R",4,"Pure"
"449","WBA8E9C53GK643597",8100,2016,"BMW","3 SERIES","328 I SULE","SEDAN 4D","GRAY","Rear",31995,20756,17626,2,"R",4,"Pure"
"450","3MZBM1U70GM307747",2000,2016,"MAZDA","3","3 SPORT","SEDAN 4D","SILVER","Front",66995,11681,11563,2,"F",4,"Minimum"
"451","2HGFC2F74GH545014",3800,2016,"HONDA","CIVIC","CIVIC EX","SEDAN 4D","BLACK","Rear",20276,17050,15159,2,"F",4,"Minimum"
"452","5YFBURHE6GP489506",5900,2016,"TOYOTA","COROLLA","COROLLA L","SEDAN 4D","WHITE","Rear",50597,13882,12293,1.8,"F",4,"Pure"
"453","3CZRM3H33GG708724",4550,2016,"HONDA","CR-V LX","CR-V LX","4DR SPOR","SILVER","Side",11762,19176,0,2.4,"F",4,"Minimum"
"454","2T1BURHE2GC598724",3250,2016,"TOYOTA","COROLLA","COROLLA L","SEDAN 4D","RED","Rear",61670,11972,9707,1.8,"F",4,"Pure"
"455","5YFBURHE5GP447473",3200,2016,"TOYOTA","COROLLA","COROLLA L","SEDAN 4D","GRAY","Front",57061,12252,6893,1.8,"F",4,"Minimum"
"456","3N1CN7AP5GL916739",1750,2016,"NISSAN","VERSA","VERSA S","SEDAN 4D","WHITE","Side",9283,9008,8496,1.6,"F",4,"Pure"
"457","3N1CN7AP5GL837717",725,2016,"NISSAN","VERSA","VERSA S","SEDAN 4D","BLUE","Front",77969,6320,12413,1.6,"F",4,"Pure"
"458","5UXWX9C50G0D84391",15000,2016,"BMW","X3","X3 XDRIVE2","4DR SPOR","WHITE","Front",18767,29771,20345,2,"All",4,"Minimum"
"459","2T3BFREV1GW529608",5900,2016,"TOYOTA","RAV4 LE","RAV4 LE","4DR SPOR","WHITE","ROLLOVER",30483,18826,18826,2.5,"All",4,"Minimum"
"460","1N4AL3AP5GN358223",3400,2016,"NISSAN","ALTIMA","ALTIMA 2.5","SEDAN 4D","GRAY","Side",13508,13600,10069,2.5,"F",4,"Minimum"
"461","JM3KE4DY4G0849762",5500,2016,"MAZDA","CX-5 GT","CX-5 GT","4DR SPOR","BLUE","Front",21248,21857,15983,2.5,"All",4,"Minimum"
"462","JM3KE4CY8G0908264",3450,2016,"MAZDA","CX-5 TOURI","CX-5 TOURI","4DR SPOR","BLUE","Front",19203,18559,15221,2.5,"All",4,"Pure"
"463","4T4BF1FK2GR518332",4900,2016,"TOYOTA","CAMRY","Camry LE","SEDAN 4D","SILVER","Front",49877,14030,23848,2.5,"F",4,"Approval"
"464","3N1AB7APXGY280385",2900,2016,"NISSAN","SENTRA","SENTRA S","SEDAN 4D","WHITE","Side",16778,12828,11614,1.8,"F",4,"Minimum"
"465","JM1BM1T70G1311878",1550,2016,"MAZDA","3","3 SPORT","SEDAN 4D","BLUE","Front",75831,8263,11802,2,"F",4,"Pure"
"466","3N1AB7AP0GL671106",1600,2016,"NISSAN","SENTRA","SENTRA S","SEDAN 4D","GRAY","Front",30301,12721,14475,1.8,"F",4,"Pure"
"467","1N4AL3AP9GC211396",2800,2016,"NISSAN","ALTIMA","ALTIMA 2.5","SEDAN 4D","BLACK","Rear",39156,15885,14626,2.5,"F",4,"Minimum"
"468","3MZBM1U74GM305791",3100,2016,"MAZDA","3","3 SPORT","SEDAN 4D","GRAY","Rear",98561,11507,8437,2,"F",4,"Pure"
"469","3N1CN7AP7GL879614",1250,2016,"NISSAN","VERSA","VERSA S","SEDAN 4D","WHITE","Front",36505,8980,0,1.6,"F",4,"Minimum"
"470","JM1GJ1V51G1446443",6300,2016,"MAZDA","6","6 TOURING","SEDAN 4D","BLACK","Front",49832,14940,12035,2.5,"F",4,"Pure"
"471","KNMAT2MV6GP673180",3000,2016,"NISSAN","ROGUE S","ROGUE S","4DR SPOR","GRAY","Rear",44316,18425,18072,2.5,"All",4,"Pure"
"472","WBS6J9C51GD934697",27500,2016,"BMW","M6","M6","COUPE","BLACK","Front",22773,44973,45205,4.4,"R",8,"Pure"
"473","1HGCR2F5XGA803177",7200,2016,"HONDA","ACCORD SPO","ACCORD SPO","SEDAN 4D","WHITE","Front",80934,21686,18799,2.4,"F",4,"Pure"
"474","2HGFC2F72GH034093",4250,2016,"HONDA","CIVIC","CIVIC EX","SEDAN 4D","WHITE","Rear",70572,16161,16270,2,"F",4,"Pure"
"475","2T1BURHE5GC730603",4100,2016,"TOYOTA","COROLLA","COROLLA L","SEDAN 4D","BLACK","Front",76382,15425,12532,1.8,"F",4,"Pure"
"476","5N1AZ2MH3GN135505",6800,2016,"NISSAN","MURANO S","MURANO S","4DR SPOR","GRAY","Front",47884,29353,0,3.5,"All",6,"Minimum"
"477","2T1BURHE4GC662181",3600,2016,"TOYOTA","COROLLA","COROLLA L","SEDAN 4D","SILVER","ALL OVER",134332,12500,0,1.8,"F",4,"Pure"
"478","3N1AB7AP3GL658964",1850,2016,"NISSAN","SENTRA","SENTRA S","SEDAN 4D","WHITE","Front",34768,14612,2501,1.8,"F",4,"Approval"
"479","WVGJV7AX7GW080118",4750,2016,"VOLKSWAGEN","TIGUAN COM","TIGUAN COM","4DR SPOR","BEIGE","Rear",62838,19608,20330,2,"All",4,"Approval"
"480","2T1BURHE9GC647871",3450,2016,"TOYOTA","COROLLA","COROLLA L","SEDAN 4D","BLUE","Side",37571,12730,13227,1.8,"F",4,"Pure"
"481","5UXKR2C53G0R69673",11200,2016,"BMW","X5 SDRIVE3","X5 SDRIVE3","4DR SPOR","WHITE","Front",57842,32875,0,3,"R",6,"Minimum"
"482","JTMZFREV0GJ099616",9000,2016,"TOYOTA","RAV4 LE","RAV4 LE","4DR SPOR","BLUE","Front",35481,22425,0,2.5,"F",4,"Approval"
"483","WDDUG8CB4GA217280",23200,2016,"MERCEDES-BENZ","S CLASS","S 550","SEDAN 4D","SILVER","Side",25303,69300,0,4.6,"R",8,"Minimum"
"484","WDDWF4KB5GR178206",12600,2016,"MERCEDES-BENZ","C CLASS","C 300 4MAT","SEDAN 4D","SILVER","Front",9265,40395,0,2,"All",4,"Approval"
"485","3N1AB7AP1GY223475",3050,2016,"NISSAN","SENTRA","SENTRA S","SEDAN 4D","GRAY","Minor",99973,8850,0,1.8,"F",4,"Minimum"
"486","5FNYF6H89GB027790",8900,2016,"HONDA","PILOT EXL","PILOT EXL","4DR SPOR","WHITE","Front",65651,30125,0,3.5,"All",6,"Minimum"
"487","1HGCR2F42GA228547",5600,2016,"HONDA","ACCORD LX","ACCORD LX","SEDAN 4D","SILVER","Side",54495,16754,0,2.4,"F",4,"Approval"
"488","1HGCR2F32GA238034",5000,2016,"HONDA","ACCORD LX","ACCORD LX","SEDAN 4D","BLACK","Front",87306,16521,0,2.4,"F",4,"Approval"
"489","5J6RM4H45GL097256",6300,2016,"HONDA","CR-V SE","CR-V SE","4DR SPOR","WHITE","Front",32271,20517,0,2.4,"All",4,"Approval"
"490","WDDUG8CB4GA245015",30750,2016,"MERCEDES-BENZ","S CLASS","S 550","SEDAN 4D","SILVER","ALL OVER",26570,65150,0,4.6,"R",8,"Minimum"
"491","WA1GFCFS9GR001431",9000,2016,"AUDI","Q3 PRESTIG","Q3 PRESTIG","4DR SPOR","BLACK","Under",40489,27703,24322,2,"All",4,"Minimum"
"492","JTHBA1BLXGA001176",14500,2016,"LEXUS","GS200","GS 200T","SEDAN 4D","GRAY","Front",16143,42980,14590,2,"R",4,"Minimum"
"493","4JGDA5HB0HA931889",22200,2017,"MERCEDES-BENZ","GLE 350 4M","GLE 350 4M","4DR SPOR","GRAY","Rear",10926,42693,31719,3.5,"All",6,"Minimum"
"494","4JGDA5HB6HA845132",23900,2017,"MERCEDES-BENZ","GLE 350 4M","GLE 350 4M","4DR SPOR","WHITE","Side",53798,37962,27191,3.5,"All",6,"Pure"
"495","19XFC2F53HE202267",3950,2017,"HONDA","CIVIC LX","CIVIC LX","SEDAN 4D","BLACK","Front",51829,16977,14126,2,"F",4,"Pure"
"496","5YFBURHE4HP679502",7500,2017,"TOYOTA","COROLLA","COROLLA L","SEDAN 4D","SILVER","Rear",21098,15883,12508,1.8,"F",4,"Pure"
"497","2HGFC4B53HH300528",5100,2017,"HONDA","CIVIC LX","CIVIC LX","COUPE","WHITE","Rear",36757,16073,0,2,"F",4,"Minimum"
"498","1HGCT1B75HA010258",3200,2017,"HONDA","ACCORD EX","ACCORD EX","COUPE","CHARCOAL","Front",21729,18713,15769,2.4,"F",4,"Pure"
"499","JTJYARBZ5H2074303",11300,2017,"LEXUS","NX 200T","NX 200T","4DR SPOR","SILVER","Side",11577,34188,25000,2,"F",4,"Minimum"
"500","WDDUG8CB1HA316835",22400,2017,"MERCEDES-BENZ","S CLASS","S 550","SEDAN 4D","WHITE","Front",19882,75979,0,4.6,"R",8,"Pure"
"501","2T1BURHE6HC837855",4750,2017,"TOYOTA","COROLLA","COROLLA L","SEDAN 4D","BLACK","Side",33445,14750,0,1.8,"F",4,"Minimum"
"502","1HGCR3F87HA036938",6400,2017,"HONDA","ACCORD EXL","ACCORD EXL","SEDAN 4D","BLACK","Side",16117,23628,18067,3.5,"F",6,"Minimum"
"503","4T1BF1FK7HU308966",7100,2017,"TOYOTA","CAMRY","Camry LE","SEDAN 4D","BLUE","Rear",37053,17235,0,2.5,"F",4,"Pure"
"504","19XFC2F87HE209488",2750,2017,"HONDA","CIVIC","CIVIC EX","SEDAN 4D","BLACK","Front",8050,19907,29611,2,"F",4,"Minimum"
"505","2HGFC2F52HH574169",3100,2017,"HONDA","CIVIC LX","CIVIC LX","SEDAN 4D","BLACK","Front",47457,15032,13202,2,"F",4,"Minimum"
"506","5TDDZ3DC9HS156172",16400,2017,"TOYOTA","SIENNA XLE","SIENNA XLE","SPORTS V","WHITE","Side",29902,33984,21112,3.5,"All",6,"Minimum"
"507","JN1AZ4EH1HM950844",10200,2017,"NISSAN","370Z","370Z BASE","COUPE","BLACK","Front",30516,24567,0,3.7,"R",6,"Approval"
"508","4JGED6EB6HA059840",25250,2017,"MERCEDES-BENZ","GLE COUPE","GLE COUPE","4DR SPOR","WHITE","Side",16859,72997,15447,3,"All",6,"Minimum"
"509","WP0BB2A92HS136433",58000,2017,"PORSCHE","911","911 TARGA","COUPE","BLUE","Rear",15123,131998,32145,3,"All",6,"Minimum"
"510","JF1ZNAA19H8704349",5600,2017,"TOYOTA","86 BASE","86 BASE","COUPE","BLACK","Rear",25657,20684,17774,2,"R",4,"Minimum"
"511","WDDWJ4KB6HF385687",18500,2017,"MERCEDES-BENZ","C CLASS","C 300 4MAT","COUPE","GRAY","Wear",19162,47185,0,2,"All",4,"Minimum"
"512","WDC0G4JB2HF203753",13800,2017,"MERCEDES-BENZ","GLC 300","GLC 300","4DR SPOR","BLACK","Front",28721,59644,13266,2,"R",4,"Minimum"
"513","4T1BF1FK5HU443718",5300,2017,"TOYOTA","CAMRY","Camry LE","SEDAN 4D","SILVER","Front",19209,16827,18796,2.5,"F",4,"Pure"
"514","4T1BF1FK8HU776060",4950,2017,"TOYOTA","CAMRY","Camry LE","SEDAN 4D","WHITE","Front",44274,16030,19537,2.5,"F",4,"Minimum"
"515","4JGDA5JB5HA852597",20800,2017,"MERCEDES-BENZ","GLE 350","GLE 350","4DR SPOR","WHITE","Front",75315,48360,0,3.5,"R",6,"Minimum"
"516","WDDZF4JB7HA276636",19000,2017,"MERCEDES-BENZ","E CLASS","E 300","SEDAN 4D","SILVER","Front",19232,42719,0,2,"R",4,"Approval"
"517","WDDUG8CB4HA310656",32250,2017,"MERCEDES-BENZ","S CLASS","S 550","SEDAN 4D","BLACK","Front",8114,74205,0,4.6,"R",8,"Approval"
"518","WP0AF2A71HL153104",58000,2017,"PORSCHE","PANAMERA","PANAMERA T","SEDAN 4D","CHARCOAL","Wear",29684,156807,0,4.8,"All",8,"Minimum"
"519","JTJYARBZ2H2075280",11900,2017,"LEXUS","NX 200T","NX 200T","4DR SPOR","WHITE","Front",4185,32409,0,2,"F",4,"Minimum"
"520","WDDZF4KB6HA204339",21500,2017,"MERCEDES-BENZ","E CLASS","E 300 4MAT","SEDAN 4D","GRAY","Front",16745,51657,3658,2,"All",4,"Minimum"
"521","JTMYFREV7HD103964",11900,2017,"TOYOTA","RAV4 LIMIT","RAV4 LIMIT","4DR SPOR","BLUE","Front",20461,28937,0,2.5,"F",4,"Approval"
"522","2HGFC3B32HH357540",3650,2017,"HONDA","CIVIC","CIVIC EX","COUPE","GRAY","Front",44481,19449,0,1.5,"F",4,"Minimum"
"523","19XFC2F59HE029242",4950,2017,"HONDA","CIVIC LX","CIVIC LX","SEDAN 4D","BLACK","Front",23509,17592,0,2,"F",4,"Minimum"
"524","5YFBURHE5HP585144",4800,2017,"TOYOTA","COROLLA","COROLLA L","SEDAN 4D","WHITE","Rear",64647,11399,8682,1.8,"F",4,"Pure"
"525","WA1BCCFS7HR015851",10200,2017,"AUDI","Q3 PREMIUM","Q3 PREMIUM","4DR SPOR","BLACK","Rear",33556,20938,12567,2,"F",4,"Minimum"
"526","5YFBURHE8HP635504",3600,2017,"TOYOTA","COROLLA","COROLLA L","SEDAN 4D","RED","Rear",31817,12554,8804,1.8,"F",4,"Minimum"
"527","5YFBURHE5HP606204",4900,2017,"TOYOTA","COROLLA","COROLLA L","SEDAN 4D","BLACK","Rear",49892,12363,10025,1.8,"F",4,"Minimum"
"528","1N4AA6AP6HC390070",5900,2017,"NISSAN","MAXIMA","MAXIMA 3.5","SEDAN 4D","BLACK","Front",99382,19473,0,3.5,"F",6,"Approval"
"529","1HGCR2F7XHA044694",6900,2017,"HONDA","ACCORD EX","ACCORD EX","SEDAN 4D","WHITE","Front",27424,16779,12548,2.4,"F",4,"Pure"
"530","5FNYF5H37HB027092",11500,2017,"HONDA","PILOT EX","PILOT EX","4DR SPOR","BLUE","Front",22415,31455,0,3.5,"F",6,"Minimum"
"531","19XFC2F5XHE023868",5400,2017,"HONDA","CIVIC LX","CIVIC LX","SEDAN 4D","GRAY","Under",15503,22096,0,2,"F",4,"Approval"
"532","19XFC2F76HE051510",7900,2017,"HONDA","CIVIC","CIVIC EX","SEDAN 4D","GRAY","Rear",25314,18372,14136,2,"F",4,"Minimum"
"533","2T1BURHE0HC789768",6600,2017,"TOYOTA","COROLLA","COROLLA L","SEDAN 4D","BLACK","Rear",32172,10692,6254,1.8,"F",4,"Minimum"
"534","19XFC2F51HE075891",5200,2017,"HONDA","CIVIC LX","CIVIC LX","SEDAN 4D","GRAY","Side",31994,14604,13334,2,"F",4,"Minimum"
"535","19XFC1F3XHE011390",6100,2017,"HONDA","CIVIC","CIVIC EX","SEDAN 4D","GRAY","Side",16553,19137,15363,1.5,"F",4,"Minimum"
"536","2HGFC4B08HH305003",5400,2017,"HONDA","CIVIC LX","CIVIC LX","COUPE","GRAY","Side",24856,15527,9225,2,"F",4,"Minimum"
"537","5TFRX5GN6HX095118",7800,2017,"TOYOTA","TACOMA ACC","TACOMA ACC","CLUB CAB","WHITE","Front",18142,21200,0,2.7,"R",4,"Minimum"
"538","1HGCR2F52HA241826",6700,2017,"HONDA","ACCORD SPO","ACCORD SPO","SEDAN 4D","BLACK","Front",47899,19575,0,2.4,"F",4,"Minimum"
"539","WA1LAAF72HD017871",24400,2017,"AUDI","Q7 PREMIUM","Q7 PREMIUM","4DR SPOR","GRAY","Front",47544,41450,33368,3,"All",6,"Minimum"
"540","JTJBM7FX3H5176501",23000,2017,"LEXUS","GX","GX","4DR SPOR","SILVER","ROLLOVER",28373,40793,28497,4.6,"All",8,"Minimum"
"541","19XFC1F73HE014943",5100,2017,"HONDA","CIVIC EXL","CIVIC EXL","SEDAN 4D","BLACK","Front",9184,22825,0,1.5,"F",4,"Minimum"
"542","JF1ZNAA13H8707683",6100,2017,"TOYOTA","86 BASE","86 BASE","COUPE","WHITE","Front",13459,23775,0,2,"R",4,"Minimum"
"543","JF1ZNAA16H8701263",5300,2017,"TOYOTA","86 BASE","86 BASE","COUPE","WHITE","Front",28293,20725,0,2,"R",4,"Minimum"
"544","JTJBM7FX5H5172370",33000,2017,"LEXUS","GX","GX","4DR SPOR","WHITE","Rear",28900,58365,0,4.6,"All",8,"Approval"
"545","19UUB2F32HA005930",9000,2017,"ACURA","TLX","TLX","SEDAN 4D","WHITE","Rear",21088,24725,0,3.5,"F",6,"Minimum"
"546","2HGFC2F78HH533966",4550,2017,"HONDA","CIVIC","CIVIC EX","SEDAN 4D","RED","Front",50647,14970,11809,2,"F",4,"Pure"
"547","1HGCR2F79HA212664",6900,2017,"HONDA","ACCORD EX","ACCORD EX","SEDAN 4D","GOLD","Rear",28549,18463,13714,2.4,"F",4,"Pure"
"548","1HGCR2F58HA231950",8500,2017,"HONDA","ACCORD SPO","ACCORD SPO","SEDAN 4D","RED","Side",44266,17352,14097,2.4,"F",4,"Pure"
"549","1N4AA6AP0HC379789",4450,2017,"NISSAN","MAXIMA","MAXIMA 3.5","SEDAN 4D","BLACK","Rear",40326,21275,0,3.5,"F",6,"Minimum"
"550","4T1BF1FK3HU328079",5000,2017,"TOYOTA","CAMRY","Camry LE","SEDAN 4D","WHITE","Front",97283,21548,0,2.5,"F",4,"Minimum"
"551","3CZRU6H51HM716973",6600,2017,"HONDA","HR-V EX","HR-V EX","4DR SPOR","BLACK","Front",25278,19922,13930,1.8,"All",4,"Pure"
"552","JTMRFREV1HD201697",10300,2017,"TOYOTA","RAV4 XLE","RAV4 XLE","4DR SPOR","GRAY","Rear",33326,22084,0,2.5,"All",4,"Pure"
"553","4T1BF1FK1HU453985",6900,2017,"TOYOTA","CAMRY","Camry LE","SEDAN 4D","SILVER","Front",50779,13569,14245,2.5,"F",4,"Pure"
"554","19XFC2F73HE006346",7500,2017,"HONDA","CIVIC","CIVIC EX","SEDAN 4D","WHITE","Rear",35512,16066,11904,2,"F",4,"Pure"
"555","4T1BK1EB8HU263677",7000,2017,"TOYOTA","AVALON","AVALON XLE","SEDAN 4D","BLUE","ALL OVER",11448,22350,14351,3.5,"F",6,"Minimum"
"556","2T1BURHE5HC749816",5600,2017,"TOYOTA","COROLLA","COROLLA L","SEDAN 4D","SILVER","Front",31061,14779,14779,1.8,"F",4,"Minimum"
"557","5FNYF5H15HB034783",6400,2017,"HONDA","PILOT LX","PILOT LX","4DR SPOR","WHITE","Side",49289,22695,20489,3.5,"F",6,"Pure"
"558","1HGCR3F94HA038428",5600,2017,"HONDA","ACCORD","ACCORD TOU","SEDAN 4D","SILVER","Rear",28937,23439,23439,3.5,"F",6,"Minimum"
"559","WVGSV7AX4HK019712",6900,2017,"VOLKSWAGEN","TIGUAN WOL","TIGUAN WOL","4DR SPOR","WHITE","Front",46219,16507,11856,2,"All",4,"Minimum"
"560","1N4AA6AP5HC376130",3650,2017,"NISSAN","MAXIMA","MAXIMA 3.5","SEDAN 4D","WHITE","Front",74703,19155,14308,3.5,"F",6,"Minimum"
"561","JTJBARBZ9H2148196",8200,2017,"LEXUS","NX 200T","NX 200T","4DR SPOR","WHITE","Front",18592,31833,32005,2,"All",4,"Pure"
"562","19UUB3F55HA003127",9700,2017,"ACURA","TLX","TLX TECH","SEDAN 4D","BLUE","Minor",35016,25697,28992,3.5,"All",6,"Pure"
"563","4T1BF1FK7HU319997",6300,2017,"TOYOTA","CAMRY","Camry LE","SEDAN 4D","SILVER","Front",43326,15510,14014,2.5,"F",4,"Pure"
"564","1N4AA6AP5HC456317",4850,2017,"NISSAN","MAXIMA","MAXIMA 3.5","SEDAN 4D","RED","Front",16386,19770,17269,3.5,"F",6,"Minimum"
"565","5J8TB4H36HL030936",11800,2017,"ACURA","RDX","RDX","4DR SPOR","WHITE","STRIPPED",26950,29087,0,3.5,"All",6,"Minimum"
"566","JTMBFREV3HJ171511",8000,2017,"TOYOTA","RAV4 LE","RAV4 LE","4DR SPOR","WHITE","Front",23214,22520,0,2.5,"All",4,"Minimum"
"567","2HGFC2F50HH563316",3250,2017,"HONDA","CIVIC LX","CIVIC LX","SEDAN 4D","BLACK","Rear",33069,14169,15819,2,"F",4,"Minimum"
"568","3CZRU6H50HM702384",6100,2017,"HONDA","HR-V EX","HR-V EX","4DR SPOR","WHITE","Rear",27948,19443,13755,1.8,"All",4,"Pure"
"569","JTMBFREV6HJ151785",6500,2017,"TOYOTA","RAV4 LE","RAV4 LE","4DR SPOR","WHITE","Front",15339,21469,25609,2.5,"All",4,"Minimum"
"570","19XFC2F77HE052570",6800,2017,"HONDA","CIVIC","CIVIC EX","SEDAN 4D","GRAY","Front",4079,18279,0,2,"F",4,"Approval"
"571","2HGFC2F75HH502416",4300,2017,"HONDA","CIVIC","CIVIC EX","SEDAN 4D","RED","Front",29636,16942,12067,2,"F",4,"Pure"
"572","4JGED6EB3HA082878",0,2017,"MERCEDES-BENZ","GLE COUPE","GLE COUPE","4DR SPOR","WHITE","Front",25773,66995,0,3,"All",6,"Minimum"
"573","WP1AA2A21HKA86656",22800,2017,"PORSCHE","CAYENNE","CAYENNE","4DR SPOR","WHITE","Rear",30310,29973,0,3.6,"All",6,"Minimum"
"574","WAUENAF46HN062408",10700,2017,"AUDI","A4","A4 PREMIUM","SEDAN 4D","BLUE","Rear",11488,32196,27038,2,"All",4,"Pure"
"575","1N4AA6AP7HC391731",2000,2017,"NISSAN","MAXIMA","MAXIMA 3.5","SEDAN 4D","BLUE","Side",14282,18159,21464,3.5,"F",6,"Pure"
"576","WBXHT3C31H5F72507",8500,2017,"BMW","X1 XDRIVE2","X1 XDRIVE2","4DR SPOR","GRAY","Front",12836,28005,24750,2,"All",4,"Minimum"
"577","58ABK1GGXHU038937",10100,2017,"LEXUS","ES350","ES 350","SEDAN 4D","BLACK","Front",14874,34183,0,3.5,"F",6,"Minimum"
"578","1HGCR2F36HA038999",3850,2017,"HONDA","ACCORD LX","ACCORD LX","SEDAN 4D","GRAY","Front",92816,14369,0,2.4,"F",4,"Pure"
"579","19XFC2F53HE210174",3000,2017,"HONDA","CIVIC LX","CIVIC LX","SEDAN 4D","BLUE","Rear",35561,13043,10099,2,"F",4,"Minimum"
"580","JTMRFREV9HJ131416",8100,2017,"TOYOTA","RAV4 XLE","RAV4 XLE","4DR SPOR","BLUE","Side",21637,20978,18532,2.5,"All",4,"Minimum"
"581","19XFC2F78HE226159",3900,2017,"HONDA","CIVIC","CIVIC EX","SEDAN 4D","BLACK","Front",56219,13900,15484,2,"F",4,"Pure"
"582","1HGCR2F33HA170764",2050,2017,"HONDA","ACCORD LX","ACCORD LX","SEDAN 4D","BLACK","Front",56895,14826,13920,2.4,"F",4,"Pure"
"583","5YFBURHE6HP672213",3700,2017,"TOYOTA","COROLLA","COROLLA L","SEDAN 4D","GRAY","Front",28160,14448,14131,1.8,"F",4,"Approval"
"584","1HGCR2F34HA267780",4550,2017,"HONDA","ACCORD LX","ACCORD LX","SEDAN 4D","CHARCOAL","Rear",31580,15864,11537,2.4,"F",4,"Minimum"
"585","1N4AA6AP8HC442234",7100,2017,"NISSAN","MAXIMA","MAXIMA 3.5","SEDAN 4D","RED","Front",39060,19831,0,3.5,"F",6,"Approval"
"586","4T1BF1FK9HU815514",5800,2017,"TOYOTA","CAMRY","Camry LE","SEDAN 4D","BLACK","Front",100997,10906,15140,2.5,"F",4,"Pure"
"587","5YMKW8C58H0U71698",32500,2017,"BMW","X6","X6 M","4DR SPOR","BLUE","Front",14128,65119,52098,4.4,"All",8,"Minimum"
"588","2T1BURHE3HC762953",5300,2017,"TOYOTA","COROLLA","COROLLA L","SEDAN 4D","RED","Rear",33139,14249,14249,1.8,"F",4,"Minimum"
"589","4JGDA5HB2HA945969",11700,2017,"MERCEDES-BENZ","GLE 350 4M","GLE 350 4M","4DR SPOR","WHITE","ROLLOVER",25112,41549,31162,3.5,"All",6,"Pure"
"590","JTMWFREV4HJ700899",8900,2017,"TOYOTA","RAV4 XLE","RAV4 XLE","4DR SPOR","WHITE","Rear",22497,19332,16132,2.5,"F",4,"Pure"
"591","5YFBURHE1HP698248",4950,2017,"TOYOTA","COROLLA","COROLLA L","SEDAN 4D","RED","Front",29780,16118,0,1.8,"F",4,"Pure"
"592","2T3ZFREV7HW317750",6200,2017,"TOYOTA","RAV4 LE","RAV4 LE","4DR SPOR","BLACK","Rear",47012,18763,13749,2.5,"F",4,"Minimum"
"593","WDCTG4EB4HJ315619",8250,2017,"MERCEDES-BENZ","GLA 250","GLA 250","4DR SPOR","WHITE","Front",35037,25409,0,2,"F",4,"Pure"
"594","WBS3U9C5XHP970611",30500,2017,"BMW","M4","M4","CONVERTI","WHITE","Rear",24402,59071,0,3,"R",6,"Minimum"
"595","2T1BURHE8HC763502",4400,2017,"TOYOTA","COROLLA","COROLLA L","SEDAN 4D","RED","Front",42289,12946,12005,1.8,"F",4,"Pure"
"596","2HGFC2F5XHH555983",2350,2017,"HONDA","CIVIC LX","CIVIC LX","SEDAN 4D","CHARCOAL","Rear",7724,19333,0,2,"F",4,"Pure"
"597","1HGCR2F76HA294479",5500,2017,"HONDA","ACCORD EX","ACCORD EX","SEDAN 4D","BLACK","Front",11467,19748,15786,2.4,"F",4,"Pure"
"598","5UXKR2C51H0U20944",17900,2017,"BMW","X5 SDRIVE3","X5 SDRIVE3","4DR SPOR","WHITE","Side",49744,38250,20243,3,"R",6,"Pure"
"599","2T3ZFREV6HW389992",6800,2017,"TOYOTA","RAV4 LE","RAV4 LE","4DR SPOR","SILVER","Front",23474,18976,15241,2.5,"F",4,"Minimum"
"600","19XFC2F55HE021297",2750,2017,"HONDA","CIVIC LX","CIVIC LX","SEDAN 4D","BLUE","Front",20544,15871,10685,2,"F",4,"Pure"
"601","4T1BF1FK3HU811250",6400,2017,"TOYOTA","CAMRY","Camry LE","SEDAN 4D","SILVER","Front",49692,14107,16995,2.5,"F",4,"Minimum"
"602","5TDKZ3DC3HS815161",4550,2017,"TOYOTA","SIENNA LE","SIENNA LE","SPORTS V","RED","ALL OVER",21753,22006,0,3.5,"F",6,"Pure"
"603","1HGCR2F50HA232834",5800,2017,"HONDA","ACCORD SPO","ACCORD SPO","SEDAN 4D","SILVER","Front",58013,15954,15129,2.4,"F",4,"Pure"
"604","4T1BF1FK3HU344556",6100,2017,"TOYOTA","CAMRY","Camry LE","SEDAN 4D","WHITE","ALL OVER",54138,16906,0,2.5,"F",4,"Approval"
"605","1N4AA6AP2HC364713",1950,2017,"NISSAN","MAXIMA","MAXIMA 3.5","SEDAN 4D","BLACK","ROLLOVER",62727,17783,18395,3.5,"F",6,"Pure"
"606","4T1BF1FK5HU332554",4350,2017,"TOYOTA","CAMRY","Camry LE","SEDAN 4D","SILVER","Front",53364,15126,25773,2.5,"F",4,"Pure"
"607","4T1BF1FK9HU351897",5400,2017,"TOYOTA","CAMRY","Camry LE","SEDAN 4D","BLACK","Front",125399,9774,6528,2.5,"F",4,"Minimum"
"608","4T1BF1FK0HU617484",3000,2017,"TOYOTA","CAMRY","Camry LE","SEDAN 4D","BLUE","Front",73673,11518,23472,2.5,"F",4,"Pure"
"609","4T1BF1FK4HU766299",3200,2017,"TOYOTA","CAMRY","Camry LE","SEDAN 4D","BLUE","Front",38231,16062,17467,2.5,"F",4,"Minimum"
"610","2HGFC2F75HH567721",3900,2017,"HONDA","CIVIC","CIVIC EX","SEDAN 4D","RED","Side",17884,16832,12798,2,"F",4,"Minimum"
"611","5TDYZ3DC3HS892431",14700,2017,"TOYOTA","SIENNA XLE","SIENNA XLE","SPORTS V","BLACK","Rear",24910,26408,17139,3.5,"F",6,"Minimum"
"612","4T1BF1FK2HU653483",6500,2017,"TOYOTA","CAMRY","Camry LE","SEDAN 4D","SILVER","Front",22415,16267,11012,2.5,"F",4,"Minimum"
"613","4T1BF1FK9HU656543",7700,2017,"TOYOTA","CAMRY","Camry LE","SEDAN 4D","BLUE","Rear",47126,18352,7000,2.5,"F",4,"Minimum"
"614","JTMBFREV4HJ123905",7300,2017,"TOYOTA","RAV4 LE","RAV4 LE","4DR SPOR","WHITE","Rear",31528,20417,13472,2.5,"All",4,"Minimum"
"615","4T1BF1FKXHU421939",7700,2017,"TOYOTA","CAMRY","Camry LE","SEDAN 4D","WHITE","Front",50477,17099,17099,2.5,"F",4,"Minimum"
"616","1HGCR2F14HA231683",8100,2017,"HONDA","ACCORD SPO","ACCORD SPO","SEDAN 4D","WHITE","Rear",54187,16966,0,2.4,"F",4,"Pure"
"617","2T1BURHE3HC750236",3400,2017,"TOYOTA","COROLLA","COROLLA L","SEDAN 4D","BLUE","Front",61557,14416,11618,1.8,"F",4,"Minimum"
"618","4T1BF1FK5HU316256",6600,2017,"TOYOTA","CAMRY","Camry LE","SEDAN 4D","SILVER","Rear",65503,16008,7006,2.5,"F",4,"Pure"
"619","5TFRX5GN8HX079406",5500,2017,"TOYOTA","TACOMA ACC","TACOMA ACC","CLUB CAB","GRAY","Front",81489,18574,9496,2.7,"R",4,"Pure"
"620","5YFBURHE9HP659780",4700,2017,"TOYOTA","COROLLA","COROLLA L","SEDAN 4D","WHITE","Front",55900,12693,0,1.8,"F",4,"Pure"
"621","2T3WFREV8HW396428",10400,2017,"TOYOTA","RAV4 XLE","RAV4 XLE","4DR SPOR","GRAY","Rear",23417,21735,0,2.5,"F",4,"Pure"
"622","1HGCR2F57HA005723",3250,2017,"HONDA","ACCORD SPO","ACCORD SPO","SEDAN 4D","WHITE","Side",26185,18745,16445,2.4,"F",4,"Minimum"
"623","4T1BK1FK6HU578668",9300,2017,"TOYOTA","CAMRY","Camry XSE","SEDAN 4D","BLACK","Side",29338,20035,10589,3.5,"F",6,"Pure"
"624","JTJHY7AX1H4237095",33250,2017,"LEXUS","LX 570","LX 570","4DR SPOR","WHITE","Side",18034,88153,23156,5.7,"All",8,"Minimum"
"625","19XFC2F54HE053044",3100,2017,"HONDA","CIVIC LX","CIVIC LX","SEDAN 4D","GRAY","Side",26445,15445,12890,2,"F",4,"Minimum"
"626","WBA8E1G57HNU13301",7750,2017,"BMW","3 SERIES","320 I","SEDAN 4D","BLACK","Front",38660,19545,20189,2,"R",4,"Minimum"
"627","5YFBURHE2HP585490",3550,2017,"TOYOTA","COROLLA","COROLLA L","SEDAN 4D","BLACK","Front",101906,9346,9887,1.8,"F",4,"Minimum"
"628","19XFC2F79HE048018",3800,2017,"HONDA","CIVIC","CIVIC EX","SEDAN 4D","BLACK","ALL OVER",27181,17073,14980,2,"F",4,"Minimum"
"629","4T1BF1FK7HU340817",4700,2017,"TOYOTA","CAMRY","Camry LE","SEDAN 4D","BLACK","Rear",53921,14323,14148,2.5,"F",4,"Minimum"
"630","2T1BURHEXHC894883",4850,2017,"TOYOTA","COROLLA","COROLLA L","SEDAN 4D","BLUE","Front",24141,17075,12732,1.8,"F",4,"Pure"
"631","1HGCR2F14HA083888",6600,2017,"HONDA","ACCORD SPO","ACCORD SPO","SEDAN 4D","GRAY","Front",38486,16755,14450,2.4,"F",4,"Minimum"
"632","2T1BURHE2HC748395",4050,2017,"TOYOTA","COROLLA","COROLLA L","SEDAN 4D","RED","Front",54411,12328,13411,1.8,"F",4,"Minimum"
"633","5J8TB3H78HL007719",5800,2017,"ACURA","RDX ADVANC","RDX ADVANC","4DR SPOR","GRAY","Front",39137,30686,20768,3.5,"F",6,"Pure"
"634","19UDE2F38HA013750",3350,2017,"ACURA","ILX","ILX BASE","SEDAN 4D","BLUE","Front",5587,20807,0,2.4,"F",4,"Pure"
"635","JTMZFREV2HD094112",6200,2017,"TOYOTA","RAV4 LE","RAV4 LE","4DR SPOR","WHITE","Rear",30778,18815,0,2.5,"F",4,"Minimum"
"636","3MYDLBYV5HY187825",4100,2017,"TOYOTA","YARIS","YARIS IA","SEDAN 4D","WHITE","Rear",20004,12617,9642,1.5,"F",4,"Pure"
"637","JTHBA1D25H5059971",10400,2017,"LEXUS","IS","IS 200T","SEDAN 4D","WHITE","Rear",43663,23904,15941,2,"R",4,"Minimum"
"638","5UXKR0C58H0V65435",17600,2017,"BMW","X5 XDRIVE3","X5 XDRIVE3","4DR SPOR","GRAY","Front",32115,46687,0,3,"All",6,"Minimum"
"639","2T3RFREV7HW556540",12000,2017,"TOYOTA","RAV4 XLE","RAV4 XLE","4DR SPOR","WHITE","Front",25622,21732,16605,2.5,"All",4,"Minimum"
"640","1HGCT1B73HA002370",4600,2017,"HONDA","ACCORD EX","ACCORD EX","COUPE","CHARCOAL","Front",44965,16696,10830,2.4,"F",4,"Minimum"
"641","4T1BF1FK4HU343965",7100,2017,"TOYOTA","CAMRY","Camry LE","SEDAN 4D","WHITE","Front",37556,14080,11642,2.5,"F",4,"Pure"
"642","JTJHY7AXXH4241145",43250,2017,"LEXUS","LX 570","LX 570","4DR SPOR","WHITE","Front",21500,72663,61608,5.7,"All",8,"Minimum"
"643","2T1BURHE9HC784066",3850,2017,"TOYOTA","COROLLA","COROLLA L","SEDAN 4D","RED","Front",26027,13637,0,1.8,"F",4,"Minimum"
"644","19XFC2F73HE004998",3700,2017,"HONDA","CIVIC","CIVIC EX","SEDAN 4D","GRAY","Front",40153,14733,0,2,"F",4,"Minimum"
"645","1HGCR2F80HA254987",6100,2017,"HONDA","ACCORD EXL","ACCORD EXL","SEDAN 4D","SILVER","Front",25207,20549,0,2.4,"F",4,"Minimum"
"646","2T1BURHEXHC909074",3300,2017,"TOYOTA","COROLLA","COROLLA L","SEDAN 4D","BLUE","Front",72177,12900,0,1.8,"F",4,"Minimum"
"647","4T1BF1FK4HU651041",5900,2017,"TOYOTA","CAMRY","Camry LE","SEDAN 4D","BLACK","Side",52412,9274,0,2.5,"F",4,"Pure"
"648","4T1BF1FK2HU806461",4450,2017,"TOYOTA","CAMRY","Camry LE","SEDAN 4D","BLUE","Front",22161,16964,20171,2.5,"F",4,"Pure"
"649","2T3BFREV3HW580285",7300,2017,"TOYOTA","RAV4 LE","RAV4 LE","4DR SPOR","BLACK","Front",24871,19933,15594,2.5,"All",4,"Pure"
"650","4T1BF1FK3HU716963",6700,2017,"TOYOTA","CAMRY","Camry LE","SEDAN 4D","SILVER","Front",25572,17438,0,2.5,"F",4,"Minimum"
"651","19XFC1F38HE008021",4050,2017,"HONDA","CIVIC","CIVIC EX","SEDAN 4D","WHITE","Front",35275,14554,8783,1.5,"F",4,"Pure"
"652","1HGCR2F37HA042401",5100,2017,"HONDA","ACCORD LX","ACCORD LX","SEDAN 4D","MAROON","Side",27865,18115,14157,2.4,"F",4,"Pure"
"653","1N4AA6AP0HC378514",7100,2017,"NISSAN","MAXIMA","MAXIMA 3.5","SEDAN 4D","BURGUNDY","Front",47321,23676,16491,3.5,"F",6,"Minimum"
"654","2T1BURHE8HC897474",2500,2017,"TOYOTA","COROLLA","COROLLA L","SEDAN 4D","RED","Front",14819,14022,11813,1.8,"F",4,"Pure"
"655","JTMRFREV6HD199669",8600,2017,"TOYOTA","RAV4 XLE","RAV4 XLE","4DR SPOR","CHARCOAL","ROLLOVER",28853,20831,18678,2.5,"All",4,"Minimum"
"656","5UXWX9C58H0T02955",6300,2017,"BMW","X3","X3 XDRIVE2","4DR SPOR","BEIGE","Side",28739,28629,23045,2,"All",4,"Pure"
"657","2T1BURHE4HC768311",5200,2017,"TOYOTA","COROLLA","COROLLA L","SEDAN 4D","BLUE","Rear",29772,16332,13202,1.8,"F",4,"Minimum"
"658","WBA8A9C57HK619817",3750,2017,"BMW","3 SERIES","320 I","SEDAN 4D","BLACK","Front",44815,19552,12752,2,"R",4,"Minimum"
"659","4JGDA5JBXHA964098",23500,2017,"MERCEDES-BENZ","GLE 350","GLE 350","4DR SPOR","BLACK","Front",25182,39446,26474,3.5,"R",6,"Minimum"
"660","2T3ZFREV7HW398202",6300,2017,"TOYOTA","RAV4 LE","RAV4 LE","4DR SPOR","GRAY","Front",52402,16525,0,2.5,"F",4,"Minimum"
"661","2HGFC2F50HH514729",4100,2017,"HONDA","CIVIC LX","CIVIC LX","SEDAN 4D","BLACK","Front",26457,16255,92637,2,"F",4,"Pure"
"662","JTMZFREV4HJ148124",6800,2017,"TOYOTA","RAV4 LE","RAV4 LE","4DR SPOR","RED","Rear",50481,19257,0,2.5,"F",4,"Pure"
"663","2T1BURHE9HC802839",4850,2017,"TOYOTA","COROLLA","COROLLA L","SEDAN 4D","BLACK","Front",27476,15942,0,1.8,"F",4,"Pure"
"664","4T1BF1FK6HU629462",6400,2017,"TOYOTA","CAMRY","Camry LE","SEDAN 4D","SILVER","Front",49331,18240,0,2.5,"F",4,"Minimum"
"665","4T1BF1FK0HU696414",6300,2017,"TOYOTA","CAMRY","Camry LE","SEDAN 4D","RED","Front",30786,18126,0,2.5,"F",4,"Minimum"
"666","JTMNFREV6HD101691",10100,2017,"TOYOTA","RAV4 SE","RAV4 SE","4DR SPOR","SILVER","Front",45905,20408,16846,2.5,"F",4,"Pure"
"667","2T3ZFREV6HW322440",5000,2017,"TOYOTA","RAV4 LE","RAV4 LE","4DR SPOR","BLACK","Front",90869,14111,25138,2.5,"F",4,"Pure"
"668","4T1BF1FK5HU767123",4850,2017,"TOYOTA","CAMRY","Camry LE","SEDAN 4D","WHITE","Rear",34185,17373,12931,2.5,"F",4,"Pure"
"669","4T1BF1FK0HU341338",5700,2017,"TOYOTA","CAMRY","Camry LE","SEDAN 4D","SILVER","Front",38057,14032,9781,2.5,"F",4,"Minimum"
"670","JN1AZ4EH5HM954296",3700,2017,"NISSAN","370Z","370Z BASE","COUPE","WHITE","Side",18032,23108,22530,3.7,"R",6,"Pure"
"671","3CZRU5H37HM704514",4850,2017,"HONDA","HR-V LX","HR-V LX","4DR SPOR","GREEN","Front",8891,20140,0,1.8,"F",4,"Minimum"
"672","JTMZFREV8HJ720280",7400,2017,"TOYOTA","RAV4 LE","RAV4 LE","4DR SPOR","WHITE","Front",23380,18365,0,2.5,"F",4,"Minimum"
"673","2T3ZFREV0HW366174",8300,2017,"TOYOTA","RAV4 LE","RAV4 LE","4DR SPOR","PURPLE","Front",17637,19639,0,2.5,"F",4,"Minimum"
"674","5YFBURHE3HP725868",4000,2017,"TOYOTA","COROLLA","COROLLA L","SEDAN 4D","GRAY","Rear",32135,15835,8998,1.8,"F",4,"Pure"
"675","5YFBURHE1HP682387",4950,2017,"TOYOTA","COROLLA","COROLLA L","SEDAN 4D","RED","Rear",16532,14288,10415,1.8,"F",4,"Minimum"
"676","4T1BF1FK9HU454933",4650,2017,"TOYOTA","CAMRY","Camry LE","SEDAN 4D","WHITE","Front",11296,18233,15147,2.5,"F",4,"Approval"
"677","2T3ZFREV2HW376513",5100,2017,"TOYOTA","RAV4 LE","RAV4 LE","4DR SPOR","BLUE","Front",20833,19568,13350,2.5,"F",4,"Minimum"
"678","19XFC2F77HE039026",4900,2017,"HONDA","CIVIC","CIVIC EX","SEDAN 4D","SILVER","Rear",25172,17596,0,2,"F",4,"Pure"
"679","4T1BF1FK2HU336237",6600,2017,"TOYOTA","CAMRY","Camry LE","SEDAN 4D","WHITE","Front",30494,16938,19754,2.5,"F",4,"Pure"
"680","19XFC2F54HE049205",2750,2017,"HONDA","CIVIC LX","CIVIC LX","SEDAN 4D","WHITE","Front",36075,15352,10571,2,"F",4,"Minimum"
"681","3CZRU5H39HM720617",3950,2017,"HONDA","HR-V LX","HR-V LX","4DR SPOR","BLUE","Side",30754,16790,11565,1.8,"F",4,"Pure"
"682","WVGBV7AX8HK021009",4750,2017,"VOLKSWAGEN","TIGUAN S","TIGUAN S","4DR SPOR","WHITE","Side",36874,14948,13905,2,"All",4,"Pure"
"683","19XFC2F76HE022752",3700,2017,"HONDA","CIVIC","CIVIC EX","SEDAN 4D","GRAY","Rear",19069,18925,11458,2,"F",4,"Minimum"
"684","19XFC2F72HE064870",3750,2017,"HONDA","CIVIC","CIVIC EX","SEDAN 4D","SILVER","Side",14780,19858,19858,2,"F",4,"Minimum"
"685","5FRYD4H58HB017056",12100,2017,"ACURA","MDX","MDX TECHNO","4DR SPOR","BLACK","Side",42684,34820,27617,3.5,"All",6,"Pure"
"686","2T3DFREV0HW603448",10200,2017,"TOYOTA","RAV4 LIMIT","RAV4 LIMIT","4DR SPOR","BLACK","Rear",18372,25914,19026,2.5,"All",4,"Pure"
"687","3VWL17AJ8HM297258",3900,2017,"VOLKSWAGEN","JETTA","JETTA SEL","SEDAN 4D","BLACK","Front",46333,13386,9291,1.8,"F",4,"Pure"
"688","19XFC2F71HE011187",6100,2017,"HONDA","CIVIC","CIVIC EX","SEDAN 4D","CHARCOAL","Rear",34237,15649,11437,2,"F",4,"Minimum"
"689","1HGCR2F32HA047084",3900,2017,"HONDA","ACCORD LX","ACCORD LX","SEDAN 4D","BLUE","Front",88643,14047,8307,2.4,"F",4,"Pure"
"690","5YFBURHE7HP581340",4050,2017,"TOYOTA","COROLLA","COROLLA L","SEDAN 4D","WHITE","Front",31815,13000,6936,1.8,"F",4,"Minimum"
"691","2T1BURHE0HC848155",4650,2017,"TOYOTA","COROLLA","COROLLA L","SEDAN 4D","WHITE","Front",12775,14329,10591,1.8,"F",4,"Minimum"
"692","4T1BF1FK6HU334488",7600,2017,"TOYOTA","CAMRY","Camry LE","SEDAN 4D","WHITE","Front",51495,13317,12254,2.5,"F",4,"Pure"
"693","WBA8B3G50HNU35192",13100,2017,"BMW","3 SERIES","340 I","SEDAN 4D","WHITE","Front",17434,35918,0,3,"R",6,"Pure"
"694","2HGFC2F50HH544992",4200,2017,"HONDA","CIVIC LX","CIVIC LX","SEDAN 4D","GRAY","Front",58326,14025,10222,2,"F",4,"Minimum"
"695","19XFC1F38HE214746",6700,2017,"HONDA","CIVIC","CIVIC EX","SEDAN 4D","WHITE","Front",31228,18374,14689,1.5,"F",4,"Minimum"
"696","4T1BF1FK8HU772025",5600,2017,"TOYOTA","CAMRY","Camry LE","SEDAN 4D","BLACK","Front",48555,16239,13898,2.5,"F",4,"Pure"
"697","5YFBURHE8HP737725",3750,2017,"TOYOTA","COROLLA","COROLLA L","SEDAN 4D","SILVER","Front",24776,12885,13047,1.8,"F",4,"Minimum"
"698","WBXHT3C38H5F81284",10300,2017,"BMW","X1 XDRIVE2","X1 XDRIVE2","4DR SPOR","SILVER","Side",12808,29737,21902,2,"All",4,"Minimum"
"699","1HGCR2F10HA157713",4600,2017,"HONDA","ACCORD SPO","ACCORD SPO","SEDAN 4D","RED","Side",33779,18673,15178,2.4,"F",4,"Approval"
"700","2T1BURHE8HC829918",6400,2017,"TOYOTA","COROLLA","COROLLA L","SEDAN 4D","RED","Wear",48920,18500,0,1.8,"F",4,"Approval"
"701","5YFBURHE5HP730294",6900,2017,"TOYOTA","COROLLA","COROLLA L","SEDAN 4D","SILVER","Rear",21813,13463,0,1.8,"F",4,"Minimum"
"702","2T3DFREV4HW576058",10200,2017,"TOYOTA","RAV4 LIMIT","RAV4 LIMIT","4DR SPOR","WHITE","Rear",37038,25417,22577,2.5,"All",4,"Minimum"
"703","2T1BURHE4HC760161",3700,2017,"TOYOTA","COROLLA","COROLLA L","SEDAN 4D","BLACK","Side",59412,11112,8545,1.8,"F",4,"Minimum"
"704","1HGCR2F52HA102019",3450,2017,"HONDA","ACCORD SPO","ACCORD SPO","SEDAN 4D","MAROON","Front",51678,17838,0,2.4,"F",4,"Minimum"
"705","5YFBURHE8HP679597",5600,2017,"TOYOTA","COROLLA","COROLLA L","SEDAN 4D","BLUE","Side",28308,15320,0,1.8,"F",4,"Minimum"
"706","2HGFC2F73HH552134",3700,2017,"HONDA","CIVIC","CIVIC EX","SEDAN 4D","SILVER","Front",28096,18640,17732,2,"F",4,"Minimum"
"707","1HGCR3F81HA011288",5600,2017,"HONDA","ACCORD EXL","ACCORD EXL","SEDAN 4D","BLACK","Front",27313,21921,17375,3.5,"F",6,"Minimum"
"708","JF1ZNAA17H8702292",5700,2017,"TOYOTA","86 BASE","86 BASE","COUPE","SILVER","Front",18641,21268,0,2,"R",4,"Pure"
"709","WDDKJ6FB7HF362343",9900,2017,"MERCEDES-BENZ","E CLASS","E 400","COUPE","BLUE","Front",6206,39976,23556,3,"R",6,"Approval"
"710","JTMRFREV7HJ113111",9000,2017,"TOYOTA","RAV4 XLE","RAV4 XLE","4DR SPOR","RED","Side",32999,22004,23221,2.5,"All",4,"Minimum"
"711","19XFC2F53HE074919",4400,2017,"HONDA","CIVIC LX","CIVIC LX","SEDAN 4D","WHITE","Front",22967,15954,16626,2,"F",4,"Pure"
"712","3VWL17AJ2HM364002",4250,2017,"VOLKSWAGEN","JETTA","JETTA SEL","SEDAN 4D","BLACK","Wear",25114,15727,12907,1.8,"F",4,"Pure"
"713","19UUB1F56HA011015",3700,2017,"ACURA","TLX","TLX TECH","SEDAN 4D","GRAY","Front",29656,22448,17924,2.4,"F",4,"Pure"
"714","5YFBURHE4HP735700",4750,2017,"TOYOTA","COROLLA","COROLLA L","SEDAN 4D","BURGUNDY","Rear",15356,14806,7796,1.8,"F",4,"Minimum"
"715","1HGCR3F96HA018214",6800,2017,"HONDA","ACCORD","ACCORD TOU","SEDAN 4D","BLACK","Front",34510,23015,18000,3.5,"F",6,"Pure"
"716","5TDYZ3DC1HS791324",8300,2017,"TOYOTA","SIENNA XLE","SIENNA XLE","SPORTS V","BLACK","Side",49769,27491,20566,3.5,"F",6,"Minimum"
"717","1HGCR2F33HA229327",5400,2017,"HONDA","ACCORD LX","ACCORD LX","SEDAN 4D","CHARCOAL","Under",23441,16431,11072,2.4,"F",4,"Minimum"
"718","2T1BURHE8HC824931",4250,2017,"TOYOTA","COROLLA","COROLLA L","SEDAN 4D","BLUE","Front",12447,16311,11409,1.8,"F",4,"Pure"
"719","5TFSZ5AN1HX068543",8700,2017,"TOYOTA","TACOMA ACC","TACOMA ACC","CLUB CAB","GRAY","Front",15561,30218,17942,3.5,"4x4",6,"Pure"
"720","WVGBV7AX0HK019643",5600,2017,"VOLKSWAGEN","TIGUAN S","TIGUAN S","4DR SPOR","BLACK","Front",35078,15586,12393,2,"All",4,"Pure"
"721","1HGCR2F59HA043342",4800,2017,"HONDA","ACCORD SPO","ACCORD SPO","SEDAN 4D","WHITE","Front",32734,20245,15147,2.4,"F",4,"Pure"
"722","4T1BF1FK8HU388102",5300,2017,"TOYOTA","CAMRY","Camry LE","SEDAN 4D","SILVER","Front",58065,15925,21029,2.5,"F",4,"Pure"
"723","JTMRFREV5HJ140016",9800,2017,"TOYOTA","RAV4 XLE","RAV4 XLE","4DR SPOR","RED","Rear",32901,21350,18663,2.5,"All",4,"Pure"
"724","WDDSJ4GB1HN414798",9200,2017,"MERCEDES-BENZ","C CLASS","CLA 250 4M","SEDAN 4D","GRAY","Rear",58032,34274,29761,2,"All",4,"Pure"
"725","2HGFC2F50HH041737",4050,2017,"HONDA","CIVIC LX","CIVIC LX","SEDAN 4D","WHITE","Front",40437,17560,10726,2,"F",4,"Pure"
"726","JN1AR5EF9HM820735",58000,2017,"NISSAN","GTR","GT-R PREMI","COUPE","BLUE","Side",28918,98388,0,3.8,"All",6,"Approval"
"727","4JGDF6EE7HA973868",20800,2017,"MERCEDES-BENZ","GLS 450 4M","GLS 450 4M","4DR SPOR","BLACK","Front",32878,55773,0,3,"All",6,"Approval"
"728","5TDDZ3DC1HS181874",7300,2017,"TOYOTA","SIENNA XLE","SIENNA XLE","SPORTS V","BLACK","Rear",23520,35345,0,3.5,"All",6,"Approval"
"729","WBA2H9C53HV641913",5600,2017,"BMW","2 SERIES","230XI","COUPE","BLACK","Front",14341,32852,0,2,"All",4,"Approval"
"730","2HGFC2F58HH550961",5300,2017,"HONDA","CIVIC LX","CIVIC LX","SEDAN 4D","BLUE","Side",10039,15287,9446,2,"F",4,"Approval"
"731","JTJBARBZ6H2143277",12200,2017,"LEXUS","NX 200T","NX 200T","4DR SPOR","CHARCOAL","Front",20061,38975,0,2,"All",4,"Approval"
"732","WBXHT3C36H5F76570",7800,2017,"BMW","X1 XDRIVE2","X1 XDRIVE2","4DR SPOR","WHITE","Side",24266,46785,0,2,"All",4,"Approval"
"733","4JGDF6EE5HA961332",23800,2017,"MERCEDES-BENZ","GLS 450 4M","GLS 450 4M","4DR SPOR","GRAY","Front",23178,51922,0,3,"All",6,"Approval"
"734","2T3WFREV3HW399401",9400,2017,"TOYOTA","RAV4 XLE","RAV4 XLE","4DR SPOR","BURGUNDY","Front",18809,21475,0,2.5,"F",4,"Approval"
"735","WA1GCCFSXHR004123",8100,2017,"AUDI","Q3 PRESTIG","Q3 PRESTIG","4DR SPOR","GRAY","Front",28588,28646,0,2,"All",4,"Approval"
"736","JTJBARBZ3H2148338",10300,2017,"LEXUS","NX 200T","NX 200T","4DR SPOR","WHITE","ALL OVER",20794,43587,0,2,"All",4,"Approval"
"737","1HGCR2F5XHA293673",8600,2017,"HONDA","ACCORD SPO","ACCORD SPO","SEDAN 4D","WHITE","Front",47030,19765,0,2.4,"F",4,"Minimum"
"738","4T1BK1EBXHU243284",8300,2017,"TOYOTA","AVALON","AVALON XLE","SEDAN 4D","SILVER","Rear",22829,32521,0,3.5,"F",6,"Approval"
"739","4T1BF1FK2HU689285",4800,2017,"TOYOTA","CAMRY","Camry LE","SEDAN 4D","GRAY","Front",29802,24961,0,2.5,"F",4,"Approval"
"740","1N4AA6AP1HC378148",4850,2017,"NISSAN","MAXIMA","MAXIMA 3.5","SEDAN 4D","BLACK","Front",54875,34899,0,3.5,"F",6,"Approval"
"741","4T1BF1FK5HU814120",5800,2017,"TOYOTA","CAMRY","Camry LE","SEDAN 4D","GRAY","Side",47098,14326,6593,2.5,"F",4,"Minimum"
"742","2HGFC3B39HH352206",4600,2017,"HONDA","CIVIC","CIVIC EX","COUPE","GRAY","Rear",24055,21955,0,1.5,"F",4,"Approval"
"743","4JGDF7DE4HA739906",34000,2017,"MERCEDES-BENZ","GLS 550 4M","GLS 550 4M","4DR SPOR","BLACK","Front",47361,73650,0,4.7,"All",8,"Minimum"
"744","4JGDA5HB9HA887634",23000,2017,"MERCEDES-BENZ","GLE 350 4M","GLE 350 4M","4DR SPOR","WHITE","Front",24789,53260,0,3.5,"All",6,"Minimum"
"745","4JGDA5JB0HA955216",22600,2017,"MERCEDES-BENZ","GLE 350","GLE 350","4DR SPOR","BLUE","Front",20469,49888,0,3.5,"R",6,"Minimum"
"746","WDDZF4JBXHA175011",24700,2017,"MERCEDES-BENZ","E CLASS","E 300","SEDAN 4D","WHITE","ALL OVER",29715,48360,0,2,"R",4,"Minimum"
"747","WBA4T9C52H5A14646",15000,2017,"BMW","4 SERIES","440I","CONVERTI","GRAY","DAMAGE HISTORY",40240,41260,0,3,"R",6,"Minimum"
"748","19UDE2F37HA000813",2550,2017,"ACURA","ILX","ILX BASE","SEDAN 4D","WHITE","Front",35663,17530,0,2.4,"F",4,"Approval"
"749","WDDUG8CB9HA298858",38000,2017,"MERCEDES-BENZ","S CLASS","S 550","SEDAN 4D","BLUE","Side",26670,72980,0,4.6,"R",8,"Minimum"
