"","VIN","Price","Year","Make","Model.Group","Model.Detail","Body.Style","Color","Damage.Description","Odometer","Est..Retail.Value","Repair.cost","Engine","Drive","Cylinders","Sale.Status","ImportPrice","ShippingCost"
"1","19UUB2F55GA007557",6400,2016,"ACURA","TLX","TLX TECH","SEDAN 4D","BURGUNDY","Front",28035,22890,21430,3.5,"F",6,"Pure",4559,3000
"2","19UDE2F8XGA009158",5600,2016,"ACURA","ILX","ILX PREMIU","SEDAN 4D","GRAY","Front",25128,21871,14518,2.4,"F",4,"Minimum",4162,3000
"3","5J8TB3H37GL017721",6000,2016,"ACURA","RDX","RDX","4DR SPOR","MAROON","Front",50935,23648,13387,3.5,"F",6,"Minimum",4360,3000
"4","5J8TB4H33GL008584",3550,2016,"ACURA","RDX","RDX","4DR SPOR","GRAY","Front",74667,20135,17347,3.5,"All",6,"Minimum",3351,3000
"5","19UDE2F33GA014707",3450,2016,"ACURA","ILX","ILX BASE","SEDAN 4D","SILVER","ALL OVER",50533,16865,0,2.4,"F",4,"Minimum",3093,3000
"6","19UUB1F32GA015673",4150,2016,"ACURA","TLX","TLX","SEDAN 4D","WHITE","Front",42782,17033,13890,2.4,"F",4,"Minimum",3441,3000
"7","19UDE2F86GA016365",1950,2016,"ACURA","ILX","ILX PREMIU","SEDAN 4D","WHITE","Front",95098,13691,10777,2.4,"F",4,"Pure",2390,3000
"8","19UUB2F32HA005930",9000,2017,"ACURA","TLX","TLX","SEDAN 4D","WHITE","Rear",21088,24725,0,3.5,"F",6,"Minimum",5851,3000
"9","19UUB3F55HA003127",9700,2017,"ACURA","TLX","TLX TECH","SEDAN 4D","BLUE","Minor",35016,25697,28992,3.5,"All",6,"Pure",6198,3000
"10","19UDE2F38HA013750",3350,2017,"ACURA","ILX","ILX BASE","SEDAN 4D","BLUE","Front",5587,20807,0,2.4,"F",4,"Pure",3044,3000
"11","5FRYD4H58HB017056",12100,2017,"ACURA","MDX","MDX TECHNO","4DR SPOR","BLACK","Side",42684,34820,27617,3.5,"All",6,"Pure",7391,3000
"12","19UUB1F56HA011015",3700,2017,"ACURA","TLX","TLX TECH","SEDAN 4D","GRAY","Front",29656,22448,17924,2.4,"F",4,"Pure",3218,3000
"13","19UDE2F37HA000813",2550,2017,"ACURA","ILX","ILX BASE","SEDAN 4D","WHITE","Front",35663,17530,0,2.4,"F",4,"Approval",2646,3000
"14","WAUGFAFC5GN020159",11100,2016,"AUDI","A6","A6 PREMIUM","SEDAN 4D","BLACK","Front",48405,35523,12215,2,"All",4,"Minimum",6894,3000
"15","WAUGFAFC8GN177216",7500,2016,"AUDI","A6","A6 PREMIUM","SEDAN 4D","BLACK","Front",24299,27288,23081,2,"All",4,"Pure",5106,3000
"16","WAUGFAFC1GN008381",12400,2016,"AUDI","A6","A6 PREMIUM","SEDAN 4D","GRAY","Rear",41284,27879,20344,2,"All",4,"Pure",7540,3000
"17","WAUCFAFC7GN191655",6500,2016,"AUDI","A6","A6 PREMIUM","SEDAN 4D","GRAY","Front",41877,26355,19866,2,"F",4,"Minimum",4609,3000
"18","WAUENAF46HN062408",10700,2017,"AUDI","A4","A4 PREMIUM","SEDAN 4D","BLUE","Rear",11488,32196,27038,2,"All",4,"Pure",6695,3000
"19","WBA6D0C50GD927781",15500,2016,"BMW","6 SERIES","640 I","SEDAN 4D","GRAY","Front",89449,51254,14251,3,"R",6,"Minimum",9080,3000
"20","WBA5A5C59GG349860",9600,2016,"BMW","5 SERIES","528 I","SEDAN 4D","BLACK","Front",21900,26963,20641,2,"R",4,"Approval",6149,3000
"21","WBA8E9G56GNT46803",8700,2016,"BMW","3 SERIES","328 I SULE","SEDAN 4D","BLACK","Front",25921,21728,20734,2,"R",4,"Minimum",5702,3000
"22","WBA8E1G57GNT33575",4450,2016,"BMW","3 SERIES","320 I","SEDAN 4D","BLACK","ALL OVER",51940,16707,15264,2,"R",4,"Pure",3590,3000
"23","WBA8E9C52GK645034",5900,2016,"BMW","3 SERIES","328 I SULE","SEDAN 4D","WHITE","Rear",66901,19617,0,2,"R",4,"Minimum",4311,3000
"24","WBA8E1G51GNT37184",8800,2016,"BMW","3 SERIES","320 I","SEDAN 4D","WHITE","Rear",28441,19647,0,2,"R",4,"Minimum",5751,3000
"25","WBS3U9C51GP969460",22200,2016,"BMW","M4","M4","CONVERTI","BLACK","Rear",13551,55000,0,3,"R",6,"Approval",12408,3000
"26","WBA6D0C50GG639337",16400,2016,"BMW","6 SERIES","640 I","SEDAN 4D","BLACK","Rear",80957,40491,25173,3,"R",6,"Pure",9527,3000
"27","WBA8E9C53GK643597",8100,2016,"BMW","3 SERIES","328 I SULE","SEDAN 4D","GRAY","Rear",31995,20756,17626,2,"R",4,"Pure",5404,3000
"28","5YMKW8C58H0U71698",32500,2017,"BMW","X6","X6 M","4DR SPOR","BLUE","Front",14128,65119,52098,4.4,"All",8,"Minimum",17526,3000
"29","WBS3U9C5XHP970611",30500,2017,"BMW","M4","M4","CONVERTI","WHITE","Rear",24402,59071,0,3,"R",6,"Minimum",16532,3000
"30","WBA8E1G57HNU13301",7750,2017,"BMW","3 SERIES","320 I","SEDAN 4D","BLACK","Front",38660,19545,20189,2,"R",4,"Minimum",5230,3000
"31","WBA8A9C57HK619817",3750,2017,"BMW","3 SERIES","320 I","SEDAN 4D","BLACK","Front",44815,19552,12752,2,"R",4,"Minimum",3243,3000
"32","WBA8B3G50HNU35192",13100,2017,"BMW","3 SERIES","340 I","SEDAN 4D","WHITE","Front",17434,35918,0,3,"R",6,"Pure",7888,3000
"33","WBA2H9C53HV641913",5600,2017,"BMW","2 SERIES","230XI","COUPE","BLACK","Front",14341,32852,0,2,"All",4,"Approval",4162,3000
"34","19XFC1F31GE208317",5700,2016,"HONDA","CIVIC","CIVIC EX","SEDAN 4D","WHITE","Side",85956,15594,0,1.5,"F",4,"Pure",4211,3000
"35","2HGFC2F87GH542066",5200,2016,"HONDA","CIVIC","CIVIC EX","SEDAN 4D","WHITE","Rear",54706,15268,14056,2,"F",4,"Minimum",3963,3000
"36","19XFC1F4XGE017889",3700,2016,"HONDA","CIVIC","CIVIC EX","SEDAN 4D","BLUE","Rear",34413,17386,14196,1.5,"F",4,"Pure",3218,3000
"37","19XFC2F77GE040398",7200,2016,"HONDA","CIVIC","CIVIC EX","SEDAN 4D","BLACK","Rear",23127,17875,0,2,"F",4,"Minimum",4956,3000
"38","19XFC2F77GE095188",3300,2016,"HONDA","CIVIC","CIVIC EX","SEDAN 4D","GRAY","Side",25601,15822,11365,2,"F",4,"Minimum",3019,3000
"39","19XFC1F34GE014848",5300,2016,"HONDA","CIVIC","CIVIC EX","SEDAN 4D","BLACK","Front",31347,16257,13572,1.5,"F",4,"Minimum",4013,3000
"40","19XFC2F78GE084006",3750,2016,"HONDA","CIVIC","CIVIC EX","SEDAN 4D","BLUE","Front",32555,16343,12167,2,"F",4,"Minimum",3243,3000
"41","2HGFC2F70GH506341",3050,2016,"HONDA","CIVIC","CIVIC EX","SEDAN 4D","BLACK","Rear",40110,14049,8994,2,"F",4,"Pure",2895,3000
"42","19XFC2F71GE003914",2800,2016,"HONDA","CIVIC","CIVIC EX","SEDAN 4D","CHARCOAL","Front",60703,14797,11000,2,"F",4,"Pure",2771,3000
"43","2HGFC1F37GH630162",2400,2016,"HONDA","CIVIC","CIVIC EX","SEDAN 4D","GRAY","Front",68390,15242,10178,1.5,"F",4,"Minimum",2572,3000
"44","19XFC2F78GE055427",3600,2016,"HONDA","CIVIC","CIVIC EX","SEDAN 4D","CHARCOAL","Front",20032,17384,14492,2,"F",4,"Pure",3168,3000
"45","2HGFC2F76GH500608",3300,2016,"HONDA","CIVIC","CIVIC EX","SEDAN 4D","BLACK","Rear",62076,11252,10405,2,"F",4,"Approval",3019,3000
"46","19XFC1F91GE222061",4900,2016,"HONDA","CIVIC","CIVIC TOUR","SEDAN 4D","BLACK","Front",64992,15198,9839,1.5,"F",4,"Pure",3814,3000
"47","19XFC1F36GE203744",4850,2016,"HONDA","CIVIC","CIVIC EX","SEDAN 4D","BLUE","Front",35326,17526,13679,1.5,"F",4,"Minimum",3789,3000
"48","19XFC2F70GE073355",5700,2016,"HONDA","CIVIC","CIVIC EX","SEDAN 4D","BLACK","Rear",55676,13750,8793,2,"F",4,"Pure",4211,3000
"49","2HGFC2F71GH506154",4100,2016,"HONDA","CIVIC","CIVIC EX","SEDAN 4D","GRAY","Front",49450,14649,0,2,"F",4,"Pure",3416,3000
"50","19XFC1F30GE038886",7600,2016,"HONDA","CIVIC","CIVIC EX","SEDAN 4D","BLUE","Front",39950,15532,0,1.5,"F",4,"Minimum",5155,3000
"51","19XFC1F39GE035324",4700,2016,"HONDA","CIVIC","CIVIC EX","SEDAN 4D","BLACK","Rear",25967,30955,0,1.5,"F",4,"Pure",3714,3000
"52","2HGFC2F7XGH502801",4750,2016,"HONDA","CIVIC","CIVIC EX","SEDAN 4D","GRAY","Front",30357,16976,25366,2,"F",4,"Minimum",3739,3000
"53","2HGFC1F31GH645384",4600,2016,"HONDA","CIVIC","CIVIC EX","SEDAN 4D","WHITE","Rear",19655,17473,0,1.5,"F",4,"Minimum",3665,3000
"54","2HGFC2F74GH545014",3800,2016,"HONDA","CIVIC","CIVIC EX","SEDAN 4D","BLACK","Rear",20276,17050,15159,2,"F",4,"Minimum",3267,3000
"55","2HGFC2F72GH034093",4250,2016,"HONDA","CIVIC","CIVIC EX","SEDAN 4D","WHITE","Rear",70572,16161,16270,2,"F",4,"Pure",3491,3000
"56","19XFC2F87HE209488",2750,2017,"HONDA","CIVIC","CIVIC EX","SEDAN 4D","BLACK","Front",8050,19907,29611,2,"F",4,"Minimum",2746,3000
"57","2HGFC3B32HH357540",3650,2017,"HONDA","CIVIC","CIVIC EX","COUPE","GRAY","Front",44481,19449,0,1.5,"F",4,"Minimum",3193,3000
"58","19XFC2F76HE051510",7900,2017,"HONDA","CIVIC","CIVIC EX","SEDAN 4D","GRAY","Rear",25314,18372,14136,2,"F",4,"Minimum",5304,3000
"59","19XFC1F3XHE011390",6100,2017,"HONDA","CIVIC","CIVIC EX","SEDAN 4D","GRAY","Side",16553,19137,15363,1.5,"F",4,"Minimum",4410,3000
"60","2HGFC2F78HH533966",4550,2017,"HONDA","CIVIC","CIVIC EX","SEDAN 4D","RED","Front",50647,14970,11809,2,"F",4,"Pure",3640,3000
"61","19XFC2F73HE006346",7500,2017,"HONDA","CIVIC","CIVIC EX","SEDAN 4D","WHITE","Rear",35512,16066,11904,2,"F",4,"Pure",5106,3000
"62","1HGCR3F94HA038428",5600,2017,"HONDA","ACCORD","ACCORD TOU","SEDAN 4D","SILVER","Rear",28937,23439,23439,3.5,"F",6,"Minimum",4162,3000
"63","19XFC2F77HE052570",6800,2017,"HONDA","CIVIC","CIVIC EX","SEDAN 4D","GRAY","Front",4079,18279,0,2,"F",4,"Approval",4758,3000
"64","2HGFC2F75HH502416",4300,2017,"HONDA","CIVIC","CIVIC EX","SEDAN 4D","RED","Front",29636,16942,12067,2,"F",4,"Pure",3516,3000
"65","19XFC2F78HE226159",3900,2017,"HONDA","CIVIC","CIVIC EX","SEDAN 4D","BLACK","Front",56219,13900,15484,2,"F",4,"Pure",3317,3000
"66","2HGFC2F75HH567721",3900,2017,"HONDA","CIVIC","CIVIC EX","SEDAN 4D","RED","Side",17884,16832,12798,2,"F",4,"Minimum",3317,3000
"67","19XFC2F79HE048018",3800,2017,"HONDA","CIVIC","CIVIC EX","SEDAN 4D","BLACK","ALL OVER",27181,17073,14980,2,"F",4,"Minimum",3267,3000
"68","19XFC2F73HE004998",3700,2017,"HONDA","CIVIC","CIVIC EX","SEDAN 4D","GRAY","Front",40153,14733,0,2,"F",4,"Minimum",3218,3000
"69","19XFC1F38HE008021",4050,2017,"HONDA","CIVIC","CIVIC EX","SEDAN 4D","WHITE","Front",35275,14554,8783,1.5,"F",4,"Pure",3392,3000
"70","19XFC2F77HE039026",4900,2017,"HONDA","CIVIC","CIVIC EX","SEDAN 4D","SILVER","Rear",25172,17596,0,2,"F",4,"Pure",3814,3000
"71","19XFC2F76HE022752",3700,2017,"HONDA","CIVIC","CIVIC EX","SEDAN 4D","GRAY","Rear",19069,18925,11458,2,"F",4,"Minimum",3218,3000
"72","19XFC2F72HE064870",3750,2017,"HONDA","CIVIC","CIVIC EX","SEDAN 4D","SILVER","Side",14780,19858,19858,2,"F",4,"Minimum",3243,3000
"73","19XFC2F71HE011187",6100,2017,"HONDA","CIVIC","CIVIC EX","SEDAN 4D","CHARCOAL","Rear",34237,15649,11437,2,"F",4,"Minimum",4410,3000
"74","19XFC1F38HE214746",6700,2017,"HONDA","CIVIC","CIVIC EX","SEDAN 4D","WHITE","Front",31228,18374,14689,1.5,"F",4,"Minimum",4708,3000
"75","2HGFC2F73HH552134",3700,2017,"HONDA","CIVIC","CIVIC EX","SEDAN 4D","SILVER","Front",28096,18640,17732,2,"F",4,"Minimum",3218,3000
"76","1HGCR3F96HA018214",6800,2017,"HONDA","ACCORD","ACCORD TOU","SEDAN 4D","BLACK","Front",34510,23015,18000,3.5,"F",6,"Pure",4758,3000
"77","2HGFC3B39HH352206",4600,2017,"HONDA","CIVIC","CIVIC EX","COUPE","GRAY","Rear",24055,21955,0,1.5,"F",4,"Approval",3665,3000
"78","JTJYARBZ1G2024660",16200,2016,"LEXUS","NX 200T","NX 200T","4DR SPOR","WHITE","Front",61910,23386,21710,2,"F",4,"Pure",9428,3000
"79","JTHCM1D27G5002603",8500,2016,"LEXUS","IS","IS 300","SEDAN 4D","WHITE","Front",21700,25149,19104,3.5,"All",6,"Minimum",5602,3000
"80","JTHBA1D26G5029585",8300,2016,"LEXUS","IS","IS 200T","SEDAN 4D","GRAY","Front",25347,23699,17535,2,"R",4,"Minimum",5503,3000
"81","JTJBARBZXG2063754",9200,2016,"LEXUS","NX 200T","NX 200T","4DR SPOR","GRAY","Front",48002,28489,0,2,"All",4,"Minimum",5950,3000
"82","JTJBM7FX5G5126570",17500,2016,"LEXUS","GX","GX","4DR SPOR","WHITE","Front",41660,37606,24748,4.6,"All",8,"Pure",10074,3000
"83","2T2BZMCA0GC007164",18300,2016,"LEXUS","RX 350","RX 350","4DR SPOR","WHITE","ALL OVER",49917,40169,0,3.5,"All",6,"Pure",10471,3000
"84","2T2BZMCA5GC046946",17400,2016,"LEXUS","RX 350","RX 350","4DR SPOR","SILVER","Front",26906,36187,18476,3.5,"All",6,"Approval",10024,3000
"85","JTJYARBZ5H2074303",11300,2017,"LEXUS","NX 200T","NX 200T","4DR SPOR","SILVER","Side",11577,34188,25000,2,"F",4,"Minimum",6993,3000
"86","JTJYARBZ2H2075280",11900,2017,"LEXUS","NX 200T","NX 200T","4DR SPOR","WHITE","Front",4185,32409,0,2,"F",4,"Minimum",7291,3000
"87","JTJBM7FX3H5176501",23000,2017,"LEXUS","GX","GX","4DR SPOR","SILVER","ROLLOVER",28373,40793,28497,4.6,"All",8,"Minimum",12806,3000
"88","JTJBM7FX5H5172370",33000,2017,"LEXUS","GX","GX","4DR SPOR","WHITE","Rear",28900,58365,0,4.6,"All",8,"Approval",17774,3000
"89","JTJBARBZ9H2148196",8200,2017,"LEXUS","NX 200T","NX 200T","4DR SPOR","WHITE","Front",18592,31833,32005,2,"All",4,"Pure",5453,3000
"90","JTJHY7AX1H4237095",33250,2017,"LEXUS","LX 570","LX 570","4DR SPOR","WHITE","Side",18034,88153,23156,5.7,"All",8,"Minimum",17898,3000
"91","JTHBA1D25H5059971",10400,2017,"LEXUS","IS","IS 200T","SEDAN 4D","WHITE","Rear",43663,23904,15941,2,"R",4,"Minimum",6546,3000
"92","JTJHY7AXXH4241145",43250,2017,"LEXUS","LX 570","LX 570","4DR SPOR","WHITE","Front",21500,72663,61608,5.7,"All",8,"Minimum",22866,3000
"93","JTJBARBZ6H2143277",12200,2017,"LEXUS","NX 200T","NX 200T","4DR SPOR","CHARCOAL","Front",20061,38975,0,2,"All",4,"Approval",7440,3000
"94","JTJBARBZ3H2148338",10300,2017,"LEXUS","NX 200T","NX 200T","4DR SPOR","WHITE","ALL OVER",20794,43587,0,2,"All",4,"Approval",6497,3000
"95","3MZBM1T7XGM327263",3700,2016,"MAZDA","3","3 SPORT","SEDAN 4D","BLUE","Rear",25008,14318,0,2,"F",4,"Minimum",3218,3000
"96","JM1GJ1W58G1439388",8000,2016,"MAZDA","6","6 GRAND TO","SEDAN 4D","SILVER","Front",39870,18699,10738,2.5,"F",4,"Minimum",5354,3000
"97","JM1GJ1U58G1419127",1750,2016,"MAZDA","6","6 SPORT","SEDAN 4D","SILVER","Side",36866,12952,11412,2.5,"F",4,"Pure",2395,3000
"98","JM1GJ1W51G1472779",7600,2016,"MAZDA","6","6 GRAND TO","SEDAN 4D","BLUE","Front",32154,19513,14627,2.5,"F",4,"Minimum",5155,3000
"99","JM1BM1U7XG1304953",6000,2016,"MAZDA","3","3 SPORT","SEDAN 4D","GRAY","Mechanical",64877,10098,2671,2,"F",4,"Minimum",4360,3000
"100","3MZBM1U70GM313550",2550,2016,"MAZDA","3","3 SPORT","SEDAN 4D","BLACK","Front",20581,14286,0,2,"F",4,"Pure",2646,3000
"101","JM1GJ1W57G1483091",1450,2016,"MAZDA","6","6 GRAND TO","SEDAN 4D","BLACK","Rear",39772,19360,0,2.5,"F",4,"Pure",2324,3000
"102","JM1GJ1U59G1466618",1150,2016,"MAZDA","6","6 SPORT","SEDAN 4D","RED","Front",20328,14126,13067,2.5,"F",4,"Pure",2253,3000
"103","JM1BM1T72G1336376",2750,2016,"MAZDA","3","3 SPORT","SEDAN 4D","BLUE","Front",45085,10843,10089,2,"F",4,"Minimum",2746,3000
"104","JM1GJ1U52G1424890",3150,2016,"MAZDA","6","6 SPORT","SEDAN 4D","CHARCOAL","Rear",78051,12016,12127,2.5,"F",4,"Pure",2944,3000
"105","JM1GJ1V57G1484534",4850,2016,"MAZDA","6","6 TOURING","SEDAN 4D","BLUE","Front",23667,17186,15894,2.5,"F",4,"Minimum",3789,3000
"106","JM1GJ1V5XG1421833",4650,2016,"MAZDA","6","6 TOURING","SEDAN 4D","CHARCOAL","Front",80915,12691,5741,2.5,"F",4,"Minimum",3690,3000
"107","3MZBM1U74GM249528",2150,2016,"MAZDA","3","3 SPORT","SEDAN 4D","GRAY","Front",65528,10677,8161,2,"F",4,"Minimum",2448,3000
"108","JM1GJ1W5XG1486468",8500,2016,"MAZDA","6","6 GRAND TO","SEDAN 4D","WHITE","Front",22167,19626,14428,2.5,"F",4,"Minimum",5602,3000
"109","3MZBM1U70GM307747",2000,2016,"MAZDA","3","3 SPORT","SEDAN 4D","SILVER","Front",66995,11681,11563,2,"F",4,"Minimum",2373,3000
"110","JM1BM1T70G1311878",1550,2016,"MAZDA","3","3 SPORT","SEDAN 4D","BLUE","Front",75831,8263,11802,2,"F",4,"Pure",2150,3000
"111","3MZBM1U74GM305791",3100,2016,"MAZDA","3","3 SPORT","SEDAN 4D","GRAY","Rear",98561,11507,8437,2,"F",4,"Pure",2920,3000
"112","JM1GJ1V51G1446443",6300,2016,"MAZDA","6","6 TOURING","SEDAN 4D","BLACK","Front",49832,14940,12035,2.5,"F",4,"Pure",4509,3000
"113","WDC0G4JB5GF109266",13500,2016,"MERCEDES-BENZ","GLC 300","GLC 300","4DR SPOR","SILVER","Front",27507,28740,26460,2,"R",4,"Pure",8086,3000
"114","4JGDA5JB9GA668455",13200,2016,"MERCEDES-BENZ","GLE 350","GLE 350","4DR SPOR","BLACK","Front",27255,36771,33710,3.5,"R",6,"Pure",7937,3000
"115","WDC0G4JB2HF203753",13800,2017,"MERCEDES-BENZ","GLC 300","GLC 300","4DR SPOR","BLACK","Front",28721,59644,13266,2,"R",4,"Minimum",8235,3000
"116","4JGDA5JB5HA852597",20800,2017,"MERCEDES-BENZ","GLE 350","GLE 350","4DR SPOR","WHITE","Front",75315,48360,0,3.5,"R",6,"Minimum",11713,3000
"117","WDCTG4EB4HJ315619",8250,2017,"MERCEDES-BENZ","GLA 250","GLA 250","4DR SPOR","WHITE","Front",35037,25409,0,2,"F",4,"Pure",5478,3000
"118","4JGDA5JBXHA964098",23500,2017,"MERCEDES-BENZ","GLE 350","GLE 350","4DR SPOR","BLACK","Front",25182,39446,26474,3.5,"R",6,"Minimum",13054,3000
"119","4JGDA5JB0HA955216",22600,2017,"MERCEDES-BENZ","GLE 350","GLE 350","4DR SPOR","BLUE","Front",20469,49888,0,3.5,"R",6,"Minimum",12607,3000
"120","1N4AL3AP7GC153028",5300,2016,"NISSAN","ALTIMA","ALTIMA 2.5","SEDAN 4D","GRAY","Front",55405,14621,10352,2.5,"F",4,"Minimum",4013,3000
"121","1N4AL3AP8GN308853",2900,2016,"NISSAN","ALTIMA","ALTIMA 2.5","SEDAN 4D","GRAY","Front",96905,9322,7247,2.5,"F",4,"Minimum",2820,3000
"122","1N4AA6AP1GC448763",4750,2016,"NISSAN","MAXIMA","MAXIMA 3.5","SEDAN 4D","BLACK","Front",93024,15521,12191,3.5,"F",6,"Minimum",3739,3000
"123","3N1AB7AP1GY227347",2600,2016,"NISSAN","SENTRA","SENTRA S","SEDAN 4D","SILVER","Rear",32851,11425,0,1.8,"F",4,"Minimum",2671,3000
"124","3N1AB7APXGL641031",2700,2016,"NISSAN","SENTRA","SENTRA S","SEDAN 4D","BLUE","Rear",48830,12098,0,1.8,"F",4,"Pure",2721,3000
"125","3N1AB7AP6GY335964",2850,2016,"NISSAN","SENTRA","SENTRA S","SEDAN 4D","BLUE","Front",41695,12213,10442,1.8,"F",4,"Pure",2795,3000
"126","3N1AB7AP2GY289162",3400,2016,"NISSAN","SENTRA","SENTRA S","SEDAN 4D","SILVER","Mechanical",73551,9289,3000,1.8,"F",4,"Approval",3069,3000
"127","1N4AL3AP7GC151750",4600,2016,"NISSAN","ALTIMA","ALTIMA 2.5","SEDAN 4D","RED","Front",32390,14529,6217,2.5,"F",4,"Minimum",3665,3000
"128","3N1AB7AP2GL663993",2950,2016,"NISSAN","SENTRA","SENTRA S","SEDAN 4D","WHITE","Front",45337,11463,13659,1.8,"F",4,"Minimum",2845,3000
"129","3N1AB7AP1GL664729",2850,2016,"NISSAN","SENTRA","SENTRA S","SEDAN 4D","SILVER","Rear",52854,10235,9370,1.8,"F",4,"Pure",2795,3000
"130","1N4AL3AP7GC137895",4850,2016,"NISSAN","ALTIMA","ALTIMA 2.5","SEDAN 4D","BLACK","Rear",32778,18222,14257,2.5,"F",4,"Minimum",3789,3000
"131","1N4AL3AP4GN321616",2550,2016,"NISSAN","ALTIMA","ALTIMA 2.5","SEDAN 4D","BLACK","Front",94968,11456,0,2.5,"F",4,"Pure",2646,3000
"132","1N4AA6AP0GC906079",7600,2016,"NISSAN","MAXIMA","MAXIMA 3.5","SEDAN 4D","BROWN","Rear",43039,24108,16816,3.5,"F",6,"Minimum",5155,3000
"133","1N4AA6AP2GC442390",5400,2016,"NISSAN","MAXIMA","MAXIMA 3.5","SEDAN 4D","WHITE","Side",86935,14183,10697,3.5,"F",6,"Pure",4062,3000
"134","3N1AB7AP6GY282179",2250,2016,"NISSAN","SENTRA","SENTRA S","SEDAN 4D","BLACK","Front",67058,8681,6387,1.8,"F",4,"Minimum",2497,3000
"135","1N4AL3AP8GC282668",3250,2016,"NISSAN","ALTIMA","ALTIMA 2.5","SEDAN 4D","WHITE","Rear",70428,12715,15463,2.5,"F",4,"Minimum",2994,3000
"136","3N1CN7AP2GL895087",2050,2016,"NISSAN","VERSA","VERSA S","SEDAN 4D","SILVER","Side",48283,9190,9190,1.6,"F",4,"Approval",2398,3000
"137","1N4AL3AP0GN318194",3650,2016,"NISSAN","ALTIMA","ALTIMA 2.5","SEDAN 4D","GRAY","Front",47803,12576,9465,2.5,"F",4,"Minimum",3193,3000
"138","1N4AL3AP1GN344707",5100,2016,"NISSAN","ALTIMA","ALTIMA 2.5","SEDAN 4D","WHITE","Rear",16728,16071,13503,2.5,"F",4,"Pure",3913,3000
"139","1N4AL3AP6GC227216",3750,2016,"NISSAN","ALTIMA","ALTIMA 2.5","SEDAN 4D","WHITE","Front",93346,10159,13433,2.5,"F",4,"Minimum",3243,3000
"140","1N4AL3AP3GN340464",2550,2016,"NISSAN","ALTIMA","ALTIMA 2.5","SEDAN 4D","BLACK","Front",109575,9177,8044,2.5,"F",4,"Pure",2646,3000
"141","1N4AL3APXGC247243",3150,2016,"NISSAN","ALTIMA","ALTIMA 2.5","SEDAN 4D","RED","Rear",56256,13115,9312,2.5,"F",4,"Minimum",2944,3000
"142","1N4AL3AP4GN307229",4250,2016,"NISSAN","ALTIMA","ALTIMA 2.5","SEDAN 4D","MAROON","Rear",58357,11542,0,2.5,"F",4,"Pure",3491,3000
"143","3N1AB7AP4GY303367",2050,2016,"NISSAN","SENTRA","SENTRA S","SEDAN 4D","GRAY","Front",85027,8378,0,1.8,"F",4,"Pure",2398,3000
"144","3N1CN7AP5GL802241",1850,2016,"NISSAN","VERSA","VERSA S","SEDAN 4D","RED","Front",66963,8078,6000,1.6,"F",4,"Minimum",2299,3000
"145","1N4AA6AP5GC384369",2650,2016,"NISSAN","MAXIMA","MAXIMA 3.5","SEDAN 4D","BLUE","Side",44864,19860,15960,3.5,"F",6,"Pure",3137,3000
"146","3N1AB7AP0GY315158",2500,2016,"NISSAN","SENTRA","SENTRA S","SEDAN 4D","BLACK","Front",63757,11632,8793,1.8,"F",4,"Pure",2622,3000
"147","1N4AA6AP2GC393515",4700,2016,"NISSAN","MAXIMA","MAXIMA 3.5","SEDAN 4D","WHITE","Rear",91277,18046,18046,3.5,"F",6,"Minimum",3714,3000
"148","1N4AL3AP3GN339587",3600,2016,"NISSAN","ALTIMA","ALTIMA 2.5","SEDAN 4D","GRAY","Rear",56026,13119,8835,2.5,"F",4,"Minimum",3168,3000
"149","1N4AL3AP9GC161812",3400,2016,"NISSAN","ALTIMA","ALTIMA 2.5","SEDAN 4D","CHARCOAL","Front",8489,17424,11721,2.5,"F",4,"Minimum",3069,3000
"150","1N4AL3AP5GC160544",2600,2016,"NISSAN","ALTIMA","ALTIMA 2.5","SEDAN 4D","BLACK","Front",41770,15310,11624,2.5,"F",4,"Pure",2671,3000
"151","3N1AB7AP1GL675259",1600,2016,"NISSAN","SENTRA","SENTRA S","SEDAN 4D","GRAY","Front",15153,12509,16714,1.8,"F",4,"Pure",2174,3000
"152","1N4AL3AP7GN306866",3700,2016,"NISSAN","ALTIMA","ALTIMA 2.5","SEDAN 4D","WHITE","Front",58130,11441,10182,2.5,"F",4,"Minimum",3218,3000
"153","1N4AL3AP5GN380979",3100,2016,"NISSAN","ALTIMA","ALTIMA 2.5","SEDAN 4D","BLACK","Side",43755,13440,10479,2.5,"F",4,"Pure",2920,3000
"154","3N1AB7AP3GY241928",925,2016,"NISSAN","SENTRA","SENTRA S","SEDAN 4D","BLACK","Front",21131,12456,13872,1.8,"F",4,"Minimum",1839,3000
"155","1N4AL3AP7GN337020",2550,2016,"NISSAN","ALTIMA","ALTIMA 2.5","SEDAN 4D","BLACK","Front",66015,10685,12496,2.5,"F",4,"Minimum",2646,3000
"156","1N4AL3AP6GN354200",3650,2016,"NISSAN","ALTIMA","ALTIMA 2.5","SEDAN 4D","GRAY","Rear",59448,11899,10631,2.5,"F",4,"Minimum",3193,3000
"157","1N4AL3AP2GC275523",2950,2016,"NISSAN","ALTIMA","ALTIMA 2.5","SEDAN 4D","GRAY","Front",30265,13873,11387,2.5,"F",4,"Minimum",2845,3000
"158","1N4AA6AP2GC405369",3000,2016,"NISSAN","MAXIMA","MAXIMA 3.5","SEDAN 4D","BLACK","Front",47478,22540,21351,3.5,"F",6,"Minimum",3220,3000
"159","3N1CN7AP6GL884884",1500,2016,"NISSAN","VERSA","VERSA S","SEDAN 4D","BLUE","Rear",26167,10375,7182,1.6,"F",4,"Minimum",2125,3000
"160","1N4AL3AP0GN341684",2950,2016,"NISSAN","ALTIMA","ALTIMA 2.5","SEDAN 4D","SILVER","Front",79221,10861,12932,2.5,"F",4,"Pure",2845,3000
"161","3N1CN7APXGL821741",850,2016,"NISSAN","VERSA","VERSA S","SEDAN 4D","GRAY","Front",54932,9210,9688,1.6,"F",4,"Pure",1802,3000
"162","5N1AR2MM9GC605089",8700,2016,"NISSAN","PATHFINDER","PATHFINDER","4DR SPOR","GRAY","Rear",41106,26929,0,3.5,"4x4",6,"Pure",5702,3000
"163","1N4AL3AP6GC191835",3250,2016,"NISSAN","ALTIMA","ALTIMA 2.5","SEDAN 4D","WHITE","Side",79132,9976,0,2.5,"F",4,"Pure",2994,3000
"164","1N4AL3AP3GC232339",4550,2016,"NISSAN","ALTIMA","ALTIMA 2.5","SEDAN 4D","SILVER","Rear",66889,10597,8702,2.5,"F",4,"Pure",3640,3000
"165","1N4AL3AP3GC206923",2050,2016,"NISSAN","ALTIMA","ALTIMA 2.5","SEDAN 4D","BLACK","Front",40868,13412,11390,2.5,"F",4,"Pure",2467,3000
"166","1N4AL3APXGN352742",3400,2016,"NISSAN","ALTIMA","ALTIMA 2.5","SEDAN 4D","GRAY","Rear",55297,10430,10910,2.5,"F",4,"Pure",3069,3000
"167","3N1AB7AP2GL654100",3150,2016,"NISSAN","SENTRA","SENTRA S","SEDAN 4D","WHITE","Side",51297,10241,8161,1.8,"F",4,"Pure",2944,3000
"168","3N1CN7AP7GL903183",1050,2016,"NISSAN","VERSA","VERSA S","SEDAN 4D","GRAY","Front",58771,7880,9238,1.6,"F",4,"Approval",1901,3000
"169","3N1CN7AP9GL812190",1400,2016,"NISSAN","VERSA","VERSA S","SEDAN 4D","GRAY","Front",77201,7324,0,1.6,"F",4,"Minimum",2075,3000
"170","1N4AL3AP5GC230270",3350,2016,"NISSAN","ALTIMA","ALTIMA 2.5","SEDAN 4D","RED","Front",69626,9797,0,2.5,"F",4,"Minimum",3044,3000
"171","1N4AA6APXGC417625",4450,2016,"NISSAN","MAXIMA","MAXIMA 3.5","SEDAN 4D","BLACK","Rear",57222,18434,0,3.5,"F",6,"Pure",3590,3000
"172","1N4AA6AP7GC402368",7100,2016,"NISSAN","MAXIMA","MAXIMA 3.5","SEDAN 4D","BLACK","Side",30928,19527,10012,3.5,"F",6,"Pure",4907,3000
"173","3N1AB7AP5GL648940",2500,2016,"NISSAN","SENTRA","SENTRA S","SEDAN 4D","BLUE","Front",70400,11359,13063,1.8,"F",4,"Minimum",2622,3000
"174","1N4AL3AP4GN329635",1400,2016,"NISSAN","ALTIMA","ALTIMA 2.5","SEDAN 4D","BROWN","Side",142626,7125,14625,2.5,"F",4,"Pure",2312,3000
"175","3N1CN7APXGL913075",1150,2016,"NISSAN","VERSA","VERSA S","SEDAN 4D","GRAY","Front",14755,12029,9869,1.6,"F",4,"Minimum",1951,3000
"176","3N1CN7AP7GL877619",1650,2016,"NISSAN","VERSA","VERSA S","SEDAN 4D","GRAY","Front",53871,7818,0,1.6,"F",4,"Pure",2199,3000
"177","1N4AL3AP8GC284291",3150,2016,"NISSAN","ALTIMA","ALTIMA 2.5","SEDAN 4D","GRAY","Front",61342,11862,8817,2.5,"F",4,"Minimum",2944,3000
"178","3N1AB7AP3GY261435",2100,2016,"NISSAN","SENTRA","SENTRA S","SEDAN 4D","GRAY","Rear",66313,10231,10391,1.8,"F",4,"Minimum",2423,3000
"179","1N4BL3APXGC198842",4850,2016,"NISSAN","ALTIMA","ALTIMA 3.5","SEDAN 4D","BLUE","Rear",73685,14563,0,3.5,"F",6,"Pure",3789,3000
"180","1N4AL3AP2GC112161",1900,2016,"NISSAN","ALTIMA","ALTIMA 2.5","SEDAN 4D","SILVER","Rear",82248,12436,12132,2.5,"F",4,"Minimum",2431,3000
"181","3N1AB7AP7GY230303",1600,2016,"NISSAN","SENTRA","SENTRA S","SEDAN 4D","SILVER","Front",75154,8824,0,1.8,"F",4,"Pure",2174,3000
"182","1N4AL3AP9GC160076",5800,2016,"NISSAN","ALTIMA","ALTIMA 2.5","SEDAN 4D","WHITE","Rear",35454,14576,10377,2.5,"F",4,"Pure",4261,3000
"183","3N1CN7APXGL916848",625,2016,"NISSAN","VERSA","VERSA S","SEDAN 4D","GRAY","Front",81563,10337,0,1.6,"F",4,"Minimum",1690,3000
"184","1N4AA6AP7GC416464",6200,2016,"NISSAN","MAXIMA","MAXIMA 3.5","SEDAN 4D","WHITE","Front",46195,17523,0,3.5,"F",6,"Pure",4460,3000
"185","3N1AB7AP9GL674537",2950,2016,"NISSAN","SENTRA","SENTRA S","SEDAN 4D","BLACK","Rear",91472,10349,9403,1.8,"F",4,"Minimum",2845,3000
"186","3N1AB7AP5GY218134",1000,2016,"NISSAN","SENTRA","SENTRA S","SEDAN 4D","BLACK","Front",79435,9981,12033,1.8,"F",4,"Minimum",1876,3000
"187","1N4AL3AP8GC177550",5000,2016,"NISSAN","ALTIMA","ALTIMA 2.5","SEDAN 4D","WHITE","Front",88387,12797,11914,2.5,"F",4,"Minimum",3864,3000
"188","1N4AA6AP7GC406825",4950,2016,"NISSAN","MAXIMA","MAXIMA 3.5","SEDAN 4D","WHITE","Rear",51055,18432,15411,3.5,"F",6,"Pure",3839,3000
"189","3N1CN7AP0GL861908",1800,2016,"NISSAN","VERSA","VERSA S","SEDAN 4D","RED","Front",36110,9095,8184,1.6,"F",4,"Pure",2274,3000
"190","1N4AL3AP3GC256995",3200,2016,"NISSAN","ALTIMA","ALTIMA 2.5","SEDAN 4D","RED","Side",34793,13789,0,2.5,"F",4,"Minimum",2969,3000
"191","1N4AL3AP6GC166661",3350,2016,"NISSAN","ALTIMA","ALTIMA 2.5","SEDAN 4D","BLUE","Rear",25594,15303,11158,2.5,"F",4,"Pure",3044,3000
"192","3N1AB7AP7GY262359",1800,2016,"NISSAN","SENTRA","SENTRA S","SEDAN 4D","BLUE","Front",51949,11345,10775,1.8,"F",4,"Pure",2274,3000
"193","1N4AL3AP6GC143414",3350,2016,"NISSAN","ALTIMA","ALTIMA 2.5","SEDAN 4D","GRAY","Front",72647,12751,0,2.5,"F",4,"Pure",3044,3000
"194","3N1AB7AP2GY278646",1000,2016,"NISSAN","SENTRA","SENTRA S","SEDAN 4D","GRAY","Front",47148,12008,0,1.8,"F",4,"Minimum",1876,3000
"195","3N1CN7AP4GL819631",2100,2016,"NISSAN","VERSA","VERSA S","SEDAN 4D","RED","Front",56045,8519,5314,1.6,"F",4,"Minimum",2423,3000
"196","3N1AB7AP0GL648912",2900,2016,"NISSAN","SENTRA","SENTRA S","SEDAN 4D","BLACK","Side",60909,10081,9926,1.8,"F",4,"Minimum",2820,3000
"197","3N1CN7AP2GL900790",1400,2016,"NISSAN","VERSA","VERSA S","SEDAN 4D","SILVER","Side",48201,10327,0,1.6,"F",4,"Minimum",2075,3000
"198","3N1AB7AP1GY270330",2100,2016,"NISSAN","SENTRA","SENTRA S","SEDAN 4D","GRAY","Front",43560,11211,11398,1.8,"F",4,"Minimum",2423,3000
"199","1N4AL3AP8GC214970",4900,2016,"NISSAN","ALTIMA","ALTIMA 2.5","SEDAN 4D","BLACK","Side",41363,13966,6816,2.5,"F",4,"Minimum",3814,3000
"200","1N4BL3APXGC160561",1400,2016,"NISSAN","ALTIMA","ALTIMA 3.5","SEDAN 4D","BLACK","Rear",62209,15464,19073,3.5,"F",6,"Minimum",2840,3000
"201","1N4AL3AP8GC218209",2800,2016,"NISSAN","ALTIMA","ALTIMA 2.5","SEDAN 4D","GRAY","Rear",56751,11379,8325,2.5,"F",4,"Pure",2771,3000
"202","3N1CN7AP2GL878306",1200,2016,"NISSAN","VERSA","VERSA S","SEDAN 4D","BLACK","Side",13515,10787,11566,1.6,"F",4,"Pure",1976,3000
"203","3N1CN7AP2GL845953",1850,2016,"NISSAN","VERSA","VERSA S","SEDAN 4D","SILVER","Rear",10322,10797,5292,1.6,"F",4,"Pure",2299,3000
"204","1N4AA6AP3GC402352",3750,2016,"NISSAN","MAXIMA","MAXIMA 3.5","SEDAN 4D","BLACK","Front",40033,19142,9983,3.5,"F",6,"Pure",3399,3000
"205","1N4AL3AP7GC224972",2950,2016,"NISSAN","ALTIMA","ALTIMA 2.5","SEDAN 4D","BLACK","Side",71369,10327,9650,2.5,"F",4,"Pure",2845,3000
"206","3N1CN7AP1GL859276",1500,2016,"NISSAN","VERSA","VERSA S","SEDAN 4D","BLUE","Front",45934,9326,1620,1.6,"F",4,"Pure",2125,3000
"207","3N1AB7AP9GY283472",1950,2016,"NISSAN","SENTRA","SENTRA S","SEDAN 4D","WHITE","Front",70607,8455,11226,1.8,"F",4,"Minimum",2348,3000
"208","3N1AB7AP3GY247860",1800,2016,"NISSAN","SENTRA","SENTRA S","SEDAN 4D","WHITE","Mechanical",89438,7267,3000,1.8,"F",4,"Minimum",2274,3000
"209","3N1CN7AP6GL814589",2650,2016,"NISSAN","VERSA","VERSA S","SEDAN 4D","SILVER","Rear",87741,7957,5464,1.6,"F",4,"Pure",2696,3000
"210","5N1AR2MM1GC614093",6600,2016,"NISSAN","PATHFINDER","PATHFINDER","4DR SPOR","SILVER","Front",28722,24712,18886,3.5,"4x4",6,"Minimum",4658,3000
"211","1N4AL3AP5GC268064",3500,2016,"NISSAN","ALTIMA","ALTIMA 2.5","SEDAN 4D","BLUE","Side",29683,11158,8421,2.5,"F",4,"Pure",3118,3000
"212","1N4AA6AP4GC407141",4150,2016,"NISSAN","MAXIMA","MAXIMA 3.5","SEDAN 4D","WHITE","Front",57731,19732,14391,3.5,"F",6,"Minimum",3494,3000
"213","3N1AB7AP3GY339356",2100,2016,"NISSAN","SENTRA","SENTRA S","SEDAN 4D","CHARCOAL","Front",59329,10487,0,1.8,"F",4,"Approval",2423,3000
"214","1N4AL3AP9GC260727",1800,2016,"NISSAN","ALTIMA","ALTIMA 2.5","SEDAN 4D","GRAY","Front",80764,9714,9714,2.5,"F",4,"Pure",2407,3000
"215","1N4AL3AP7GN390221",4100,2016,"NISSAN","ALTIMA","ALTIMA 2.5","SEDAN 4D","GRAY","Front",21406,14598,0,2.5,"F",4,"Minimum",3416,3000
"216","1N4AL3AP2GC259791",1750,2016,"NISSAN","ALTIMA","ALTIMA 2.5","SEDAN 4D","WHITE","Rear",26909,14380,12106,2.5,"F",4,"Minimum",2395,3000
"217","1N4AL3AP3GN366305",2850,2016,"NISSAN","ALTIMA","ALTIMA 2.5","SEDAN 4D","BLACK","Front",41557,12026,11247,2.5,"F",4,"Minimum",2795,3000
"218","3N1AB7AP8GY213770",1750,2016,"NISSAN","SENTRA","SENTRA S","SEDAN 4D","BLUE","Rear",79771,6171,0,1.8,"F",4,"Pure",2249,3000
"219","3N1CN7AP5GL916739",1750,2016,"NISSAN","VERSA","VERSA S","SEDAN 4D","WHITE","Side",9283,9008,8496,1.6,"F",4,"Pure",2249,3000
"220","3N1CN7AP5GL837717",725,2016,"NISSAN","VERSA","VERSA S","SEDAN 4D","BLUE","Front",77969,6320,12413,1.6,"F",4,"Pure",1740,3000
"221","1N4AL3AP5GN358223",3400,2016,"NISSAN","ALTIMA","ALTIMA 2.5","SEDAN 4D","GRAY","Side",13508,13600,10069,2.5,"F",4,"Minimum",3069,3000
"222","3N1AB7APXGY280385",2900,2016,"NISSAN","SENTRA","SENTRA S","SEDAN 4D","WHITE","Side",16778,12828,11614,1.8,"F",4,"Minimum",2820,3000
"223","3N1AB7AP0GL671106",1600,2016,"NISSAN","SENTRA","SENTRA S","SEDAN 4D","GRAY","Front",30301,12721,14475,1.8,"F",4,"Pure",2174,3000
"224","1N4AL3AP9GC211396",2800,2016,"NISSAN","ALTIMA","ALTIMA 2.5","SEDAN 4D","BLACK","Rear",39156,15885,14626,2.5,"F",4,"Minimum",2771,3000
"225","3N1CN7AP7GL879614",1250,2016,"NISSAN","VERSA","VERSA S","SEDAN 4D","WHITE","Front",36505,8980,0,1.6,"F",4,"Minimum",2001,3000
"226","3N1AB7AP3GL658964",1850,2016,"NISSAN","SENTRA","SENTRA S","SEDAN 4D","WHITE","Front",34768,14612,2501,1.8,"F",4,"Approval",2299,3000
"227","3N1AB7AP1GY223475",3050,2016,"NISSAN","SENTRA","SENTRA S","SEDAN 4D","GRAY","Minor",99973,8850,0,1.8,"F",4,"Minimum",2895,3000
"228","1N4AA6AP6HC390070",5900,2017,"NISSAN","MAXIMA","MAXIMA 3.5","SEDAN 4D","BLACK","Front",99382,19473,0,3.5,"F",6,"Approval",4311,3000
"229","1N4AA6AP0HC379789",4450,2017,"NISSAN","MAXIMA","MAXIMA 3.5","SEDAN 4D","BLACK","Rear",40326,21275,0,3.5,"F",6,"Minimum",3590,3000
"230","1N4AA6AP5HC376130",3650,2017,"NISSAN","MAXIMA","MAXIMA 3.5","SEDAN 4D","WHITE","Front",74703,19155,14308,3.5,"F",6,"Minimum",3375,3000
"231","1N4AA6AP5HC456317",4850,2017,"NISSAN","MAXIMA","MAXIMA 3.5","SEDAN 4D","RED","Front",16386,19770,17269,3.5,"F",6,"Minimum",3789,3000
"232","1N4AA6AP7HC391731",2000,2017,"NISSAN","MAXIMA","MAXIMA 3.5","SEDAN 4D","BLUE","Side",14282,18159,21464,3.5,"F",6,"Pure",2983,3000
"233","1N4AA6AP8HC442234",7100,2017,"NISSAN","MAXIMA","MAXIMA 3.5","SEDAN 4D","RED","Front",39060,19831,0,3.5,"F",6,"Approval",4907,3000
"234","1N4AA6AP2HC364713",1950,2017,"NISSAN","MAXIMA","MAXIMA 3.5","SEDAN 4D","BLACK","ROLLOVER",62727,17783,18395,3.5,"F",6,"Pure",2971,3000
"235","1N4AA6AP0HC378514",7100,2017,"NISSAN","MAXIMA","MAXIMA 3.5","SEDAN 4D","BURGUNDY","Front",47321,23676,16491,3.5,"F",6,"Minimum",4907,3000
"236","1N4AA6AP1HC378148",4850,2017,"NISSAN","MAXIMA","MAXIMA 3.5","SEDAN 4D","BLACK","Front",54875,34899,0,3.5,"F",6,"Approval",3789,3000
"237","WP1AA2A29GKA09869",16500,2016,"PORSCHE","CAYENNE","CAYENNE","4DR SPOR","BLACK","Side",33931,45018,45018,3.6,"All",6,"Pure",9577,3000
"238","WP1AA2A20GLA11522",22300,2016,"PORSCHE","CAYENNE","CAYENNE","4DR SPOR","BLACK","Front",11695,48574,16252,3.6,"All",6,"Minimum",12458,3000
"239","WP0AF2A71HL153104",58000,2017,"PORSCHE","PANAMERA","PANAMERA T","SEDAN 4D","CHARCOAL","Wear",29684,156807,0,4.8,"All",8,"Minimum",30194,3000
"240","WP1AA2A21HKA86656",22800,2017,"PORSCHE","CAYENNE","CAYENNE","4DR SPOR","WHITE","Rear",30310,29973,0,3.6,"All",6,"Minimum",12707,3000
"241","5YFBURHE9GP562478",5800,2016,"TOYOTA","COROLLA","COROLLA L","SEDAN 4D","WHITE","Side",21544,18148,0,1.8,"F",4,"Pure",4261,3000
"242","4T1BF1FK8GU540572",5100,2016,"TOYOTA","CAMRY","Camry LE","SEDAN 4D","BLUE","Front",32213,17550,15662,2.5,"F",4,"Minimum",3913,3000
"243","4T1BF1FK2GU551938",5400,2016,"TOYOTA","CAMRY","Camry LE","SEDAN 4D","WHITE","Front",61219,16508,0,2.5,"F",4,"Minimum",4062,3000
"244","4T1BF1FKXGU503958",6300,2016,"TOYOTA","CAMRY","Camry LE","SEDAN 4D","BLUE","Side",95099,13531,0,2.5,"F",4,"Pure",4509,3000
"245","5YFBURHE0GP393399",4150,2016,"TOYOTA","COROLLA","COROLLA L","SEDAN 4D","BLUE","Rear",59166,14631,9015,1.8,"F",4,"Pure",3441,3000
"246","5YFBURHE8GP538298",3600,2016,"TOYOTA","COROLLA","COROLLA L","SEDAN 4D","BLUE","Rear",32397,14891,0,1.8,"F",4,"Pure",3168,3000
"247","4T1BF1FK6GU141482",4800,2016,"TOYOTA","CAMRY","Camry LE","SEDAN 4D","BLACK","Front",43231,17432,17074,2.5,"F",4,"Minimum",3764,3000
"248","4T1BF1FK0GU154888",3650,2016,"TOYOTA","CAMRY","Camry LE","SEDAN 4D","WHITE","Front",75371,11138,16017,2.5,"F",4,"Minimum",3193,3000
"249","4T1BF1FK5GU596565",5500,2016,"TOYOTA","CAMRY","Camry LE","SEDAN 4D","CHARCOAL","Front",66776,11312,11883,2.5,"F",4,"Pure",4112,3000
"250","5YFBURHE5GP494096",3200,2016,"TOYOTA","COROLLA","COROLLA L","SEDAN 4D","WHITE","Rear",61168,11749,10960,1.8,"F",4,"Pure",2969,3000
"251","4T4BF1FK8GR565381",4650,2016,"TOYOTA","CAMRY","Camry LE","SEDAN 4D","WHITE","Front",53406,13462,23902,2.5,"F",4,"Minimum",3690,3000
"252","5YFBURHE9GP460257",2700,2016,"TOYOTA","COROLLA","COROLLA L","SEDAN 4D","GRAY","Front",45669,11548,16810,1.8,"F",4,"Minimum",2721,3000
"253","4T4BF1FK7GR577098",5500,2016,"TOYOTA","CAMRY","Camry LE","SEDAN 4D","BLACK","Side",49252,15400,0,2.5,"F",4,"Minimum",4112,3000
"254","4T1BF1FK0GU608878",5400,2016,"TOYOTA","CAMRY","Camry LE","SEDAN 4D","GRAY","Front",40088,15977,0,2.5,"F",4,"Minimum",4062,3000
"255","5YFBURHE0GP440575",2850,2016,"TOYOTA","COROLLA","COROLLA L","SEDAN 4D","CHARCOAL","Front",22193,13202,13635,1.8,"F",4,"Pure",2795,3000
"256","4T1BF1FK6GU541834",4650,2016,"TOYOTA","CAMRY","Camry LE","SEDAN 4D","RED","Front",79203,13191,23628,2.5,"F",4,"Pure",3690,3000
"257","4T1BF1FK2GU555472",4800,2016,"TOYOTA","CAMRY","Camry LE","SEDAN 4D","MAROON","Rear",162716,9780,7427,2.5,"F",4,"Minimum",3764,3000
"258","2T1BURHE4GC523538",3250,2016,"TOYOTA","COROLLA","COROLLA L","SEDAN 4D","WHITE","Front",67593,11570,11570,1.8,"F",4,"Pure",2994,3000
"259","4T1BF1FK3GU525560",5700,2016,"TOYOTA","CAMRY","Camry LE","SEDAN 4D","BLUE","Rear",59080,13908,11324,2.5,"F",4,"Minimum",4211,3000
"260","5TDJKRFHXGS289878",14400,2016,"TOYOTA","HIGHLANDER","HIGHLANDER","4DR SPOR","GRAY","Front",22742,30440,16589,3.5,"All",6,"Pure",8533,3000
"261","4T1BF1FK5GU196084",5200,2016,"TOYOTA","CAMRY","Camry LE","SEDAN 4D","SILVER","ALL OVER",63817,13287,10308,2.5,"F",4,"Pure",3963,3000
"262","5TDJKRFH8GS505310",15400,2016,"TOYOTA","HIGHLANDER","HIGHLANDER","4DR SPOR","WHITE","Front",27853,38495,0,3.5,"All",6,"Approval",9030,3000
"263","2T1BURHE6GC622040",3500,2016,"TOYOTA","COROLLA","COROLLA L","SEDAN 4D","BLACK","Front",52117,11883,9325,1.8,"F",4,"Pure",3118,3000
"264","5TDJKRFH6GS316588",15100,2016,"TOYOTA","HIGHLANDER","HIGHLANDER","4DR SPOR","WHITE","Side",31797,25678,13487,3.5,"All",6,"Approval",8881,3000
"265","2T1BURHE1GC673025",0,2016,"TOYOTA","COROLLA","COROLLA L","SEDAN 4D","RED","Front",18754,13387,0,1.8,"F",4,"Minimum",1610,3000
"266","4T1BF1FK8GU598469",6000,2016,"TOYOTA","CAMRY","Camry LE","SEDAN 4D","SILVER","Front",54624,13820,9138,2.5,"F",4,"Minimum",4360,3000
"267","2T1BURHE9GC599742",4650,2016,"TOYOTA","COROLLA","COROLLA L","SEDAN 4D","WHITE","Rear",39162,14665,10452,1.8,"F",4,"Minimum",3690,3000
"268","4T1BF1FKXGU519769",4850,2016,"TOYOTA","CAMRY","Camry LE","SEDAN 4D","BLUE","Front",54251,15867,19468,2.5,"F",4,"Minimum",3789,3000
"269","4T1BF1FK2GU234466",4000,2016,"TOYOTA","CAMRY","Camry LE","SEDAN 4D","BLACK","Front",58321,14693,9705,2.5,"F",4,"Minimum",3367,3000
"270","4T1BF1FK7GU548470",4900,2016,"TOYOTA","CAMRY","Camry LE","SEDAN 4D","BLUE","Front",79571,10645,17202,2.5,"F",4,"Pure",3814,3000
"271","5YFBURHE9GP398469",4200,2016,"TOYOTA","COROLLA","COROLLA L","SEDAN 4D","SILVER","Side",61987,13103,9150,1.8,"F",4,"Minimum",3466,3000
"272","2T1BURHE8GC656092",4250,2016,"TOYOTA","COROLLA","COROLLA L","SEDAN 4D","BLUE","Side",44728,13943,13943,1.8,"F",4,"Minimum",3491,3000
"273","5TDZKRFH0GS175908",10200,2016,"TOYOTA","HIGHLANDER","HIGHLANDER","4DR SPOR","BROWN","Rear",34984,24848,18044,3.5,"F",6,"Pure",6447,3000
"274","5TDBKRFH8GS354702",10300,2016,"TOYOTA","HIGHLANDER","HIGHLANDER","4DR SPOR","GRAY","Rear",30832,27433,0,3.5,"All",6,"Pure",6497,3000
"275","4T1BF1FK5GU263458",2600,2016,"TOYOTA","CAMRY","Camry LE","SEDAN 4D","BLACK","Front",29403,15650,13232,2.5,"F",4,"Pure",2671,3000
"276","4T4BF1FK8GR555000",5400,2016,"TOYOTA","CAMRY","Camry LE","SEDAN 4D","GRAY","Rear",39637,15226,10483,2.5,"F",4,"Pure",4062,3000
"277","4T4BF1FK0GR550809",5700,2016,"TOYOTA","CAMRY","Camry LE","SEDAN 4D","BLUE","Front",36814,14597,11130,2.5,"F",4,"Minimum",4211,3000
"278","4T1BF1FK4GU131081",6600,2016,"TOYOTA","CAMRY","Camry LE","SEDAN 4D","GRAY","Side",44728,16916,10040,2.5,"F",4,"Pure",4658,3000
"279","4T1BF1FK5GU159262",6900,2016,"TOYOTA","CAMRY","Camry LE","SEDAN 4D","WHITE","Side",69639,13839,0,2.5,"F",4,"Pure",4807,3000
"280","5TDYKRFH8GS129223",9300,2016,"TOYOTA","HIGHLANDER","HIGHLANDER","4DR SPOR","SILVER","Front",39511,31160,22485,3.5,"F",6,"Pure",6000,3000
"281","5TDYKRFH7GS123462",14600,2016,"TOYOTA","HIGHLANDER","HIGHLANDER","4DR SPOR","GRAY","Front",43963,33010,15179,3.5,"F",6,"Minimum",8633,3000
"282","5YFBURHE5GP555348",4650,2016,"TOYOTA","COROLLA","COROLLA L","SEDAN 4D","SILVER","Rear",67710,13240,11757,1.8,"F",4,"Pure",3690,3000
"283","5YFBURHE1GP440617",3900,2016,"TOYOTA","COROLLA","COROLLA L","SEDAN 4D","WHITE","Front",72637,12032,15166,1.8,"F",4,"Minimum",3317,3000
"284","5YFBURHE5GP474754",3200,2016,"TOYOTA","COROLLA","COROLLA L","SEDAN 4D","BLUE","Side",27802,12337,9491,1.8,"F",4,"Minimum",2969,3000
"285","4T1BK1FK1GU571688",4750,2016,"TOYOTA","CAMRY","Camry XSE","SEDAN 4D","GRAY","Front",27479,22000,20000,3.5,"F",6,"Minimum",3739,3000
"286","2T1BURHE1GC585401",2500,2016,"TOYOTA","COROLLA","COROLLA L","SEDAN 4D","BLACK","Rear",75193,17205,17205,1.8,"F",4,"Pure",2622,3000
"287","2T1BURHE4GC554434",4600,2016,"TOYOTA","COROLLA","COROLLA L","SEDAN 4D","WHITE","Front",51600,15100,13700,1.8,"F",4,"Pure",3665,3000
"288","5YFBURHE8GP434295",2750,2016,"TOYOTA","COROLLA","COROLLA L","SEDAN 4D","BLACK","Front",42665,13742,8417,1.8,"F",4,"Minimum",2746,3000
"289","2T1BURHE3GC602103",5600,2016,"TOYOTA","COROLLA","COROLLA L","SEDAN 4D","WHITE","Front",50889,15165,12236,1.8,"F",4,"Minimum",4162,3000
"290","4T1BF1FK9GU117712",6500,2016,"TOYOTA","CAMRY","Camry LE","SEDAN 4D","WHITE","Front",127189,9477,8363,2.5,"F",4,"Minimum",4609,3000
"291","4T1BF1FK8GU242202",6300,2016,"TOYOTA","CAMRY","Camry LE","SEDAN 4D","BLACK","Side",34773,12569,10680,2.5,"F",4,"Pure",4509,3000
"292","2T1BURHE9GC641424",3500,2016,"TOYOTA","COROLLA","COROLLA L","SEDAN 4D","BLUE","Rear",21530,12079,9314,1.8,"F",4,"Pure",3118,3000
"293","4T1BK1EB4GU219724",9400,2016,"TOYOTA","AVALON","AVALON XLE","SEDAN 4D","BLACK","Front",28311,22373,14142,3.5,"F",6,"Minimum",6049,3000
"294","4T4BF1FK8GR576915",2800,2016,"TOYOTA","CAMRY","Camry LE","SEDAN 4D","WHITE","Rear",45499,15352,25998,2.5,"F",4,"Minimum",2771,3000
"295","2T1BURHE1GC630031",3600,2016,"TOYOTA","COROLLA","COROLLA L","SEDAN 4D","BLACK","Rear",47370,12130,0,1.8,"F",4,"Minimum",3168,3000
"296","2T1BURHEXGC558844",2850,2016,"TOYOTA","COROLLA","COROLLA L","SEDAN 4D","BLUE","Side",28218,14698,10437,1.8,"F",4,"Pure",2795,3000
"297","2T1BURHE5GC716555",4550,2016,"TOYOTA","COROLLA","COROLLA L","SEDAN 4D","BLUE","Rear",36364,12887,9280,1.8,"F",4,"Pure",3640,3000
"298","4T1BF1FK2GU135291",3600,2016,"TOYOTA","CAMRY","Camry LE","SEDAN 4D","BLACK","Rear",63612,14523,16883,2.5,"F",4,"Minimum",3168,3000
"299","5YFBURHE4GP442541",3600,2016,"TOYOTA","COROLLA","COROLLA L","SEDAN 4D","GRAY","Front",73137,12650,0,1.8,"F",4,"Minimum",3168,3000
"300","4T1BF1FK9GU198565",5500,2016,"TOYOTA","CAMRY","Camry LE","SEDAN 4D","SILVER","Front",23814,16469,19953,2.5,"F",4,"Pure",4112,3000
"301","2T1BURHE8GC717585",2700,2016,"TOYOTA","COROLLA","COROLLA L","SEDAN 4D","SILVER","Front",71161,11448,0,1.8,"F",4,"Approval",2721,3000
"302","4T1BF1FK1GU614172",4850,2016,"TOYOTA","CAMRY","Camry LE","SEDAN 4D","TAN","Front",35770,14952,15986,2.5,"F",4,"Minimum",3789,3000
"303","5YFBURHE2GP514031",4150,2016,"TOYOTA","COROLLA","COROLLA L","SEDAN 4D","WHITE","Front",53675,13542,9521,1.8,"F",4,"Pure",3441,3000
"304","4T1BK1EB3GU226065",9100,2016,"TOYOTA","AVALON","AVALON XLE","SEDAN 4D","WHITE","Front",80266,18955,27688,3.5,"F",6,"Pure",5900,3000
"305","4T1BF1FK1GU207484",6700,2016,"TOYOTA","CAMRY","Camry LE","SEDAN 4D","SILVER","Rear",39745,14019,4435,2.5,"F",4,"Pure",4708,3000
"306","4T1BF1FK7GU157383",6300,2016,"TOYOTA","CAMRY","Camry LE","SEDAN 4D","SILVER","Front",36452,14548,7293,2.5,"F",4,"Minimum",4509,3000
"307","2T1BURHE6GC487786",3050,2016,"TOYOTA","COROLLA","COROLLA L","SEDAN 4D","SILVER","Front",39159,11597,16237,1.8,"F",4,"Minimum",2895,3000
"308","2T1BURHE1GC498520",5000,2016,"TOYOTA","COROLLA","COROLLA L","SEDAN 4D","BLACK","Rear",81139,13887,8883,1.8,"F",4,"Minimum",3864,3000
"309","4T1BF1FK1GU595879",5600,2016,"TOYOTA","CAMRY","Camry LE","SEDAN 4D","RED","Front",51418,13114,11742,2.5,"F",4,"Pure",4162,3000
"310","5TDJKRFH3GS248105",14100,2016,"TOYOTA","HIGHLANDER","HIGHLANDER","4DR SPOR","BLUE","Front",60474,25091,0,3.5,"All",6,"Minimum",8384,3000
"311","2T1BURHE0GC602723",4750,2016,"TOYOTA","COROLLA","COROLLA L","SEDAN 4D","BROWN","Rear",46029,14461,12103,1.8,"F",4,"Pure",3739,3000
"312","4T1BF1FK9GU509394",2500,2016,"TOYOTA","CAMRY","Camry LE","SEDAN 4D","RED","Side",44500,16596,18127,2.5,"F",4,"Minimum",2622,3000
"313","5YFBURHEXGP563123",3150,2016,"TOYOTA","COROLLA","COROLLA L","SEDAN 4D","SILVER","Front",32706,13519,10173,1.8,"F",4,"Pure",2944,3000
"314","2T1BURHE8GC725296",4000,2016,"TOYOTA","COROLLA","COROLLA L","SEDAN 4D","RED","Front",36610,13999,10578,1.8,"F",4,"Minimum",3367,3000
"315","4T1BF1FK0GU194713",5800,2016,"TOYOTA","CAMRY","Camry LE","SEDAN 4D","BLACK","Wear",63579,19500,0,2.5,"F",4,"Minimum",4261,3000
"316","4T1BF1FKXGU555719",6800,2016,"TOYOTA","CAMRY","Camry LE","SEDAN 4D","SILVER","Rear",31784,16175,13068,2.5,"F",4,"Pure",4758,3000
"317","5YFBURHE6GP558856",4450,2016,"TOYOTA","COROLLA","COROLLA L","SEDAN 4D","BLACK","Front",30372,15386,11183,1.8,"F",4,"Pure",3590,3000
"318","5YFBURHE0GP545116",3250,2016,"TOYOTA","COROLLA","COROLLA L","SEDAN 4D","SILVER","Front",64822,10213,10101,1.8,"F",4,"Minimum",2994,3000
"319","4T1BF1FKXGU538161",4800,2016,"TOYOTA","CAMRY","Camry LE","SEDAN 4D","BLUE","Side",87316,12600,15125,2.5,"F",4,"Minimum",3764,3000
"320","4T4BF1FK2GR566090",4200,2016,"TOYOTA","CAMRY","Camry LE","SEDAN 4D","BLACK","Front",46540,9469,9615,2.5,"F",4,"Pure",3466,3000
"321","2T1BURHE5GC710304",3200,2016,"TOYOTA","COROLLA","COROLLA L","SEDAN 4D","WHITE","Front",89858,14000,0,1.8,"F",4,"Approval",2969,3000
"322","5YFBURHE4GP565465",3850,2016,"TOYOTA","COROLLA","COROLLA L","SEDAN 4D","WHITE","Front",36104,12731,10829,1.8,"F",4,"Minimum",3292,3000
"323","5YFBURHE6GP489506",5900,2016,"TOYOTA","COROLLA","COROLLA L","SEDAN 4D","WHITE","Rear",50597,13882,12293,1.8,"F",4,"Pure",4311,3000
"324","2T1BURHE2GC598724",3250,2016,"TOYOTA","COROLLA","COROLLA L","SEDAN 4D","RED","Rear",61670,11972,9707,1.8,"F",4,"Pure",2994,3000
"325","5YFBURHE5GP447473",3200,2016,"TOYOTA","COROLLA","COROLLA L","SEDAN 4D","GRAY","Front",57061,12252,6893,1.8,"F",4,"Minimum",2969,3000
"326","4T4BF1FK2GR518332",4900,2016,"TOYOTA","CAMRY","Camry LE","SEDAN 4D","SILVER","Front",49877,14030,23848,2.5,"F",4,"Approval",3814,3000
"327","2T1BURHE5GC730603",4100,2016,"TOYOTA","COROLLA","COROLLA L","SEDAN 4D","BLACK","Front",76382,15425,12532,1.8,"F",4,"Pure",3416,3000
"328","2T1BURHE4GC662181",3600,2016,"TOYOTA","COROLLA","COROLLA L","SEDAN 4D","SILVER","ALL OVER",134332,12500,0,1.8,"F",4,"Pure",3168,3000
"329","2T1BURHE9GC647871",3450,2016,"TOYOTA","COROLLA","COROLLA L","SEDAN 4D","BLUE","Side",37571,12730,13227,1.8,"F",4,"Pure",3093,3000
"330","5YFBURHE4HP679502",7500,2017,"TOYOTA","COROLLA","COROLLA L","SEDAN 4D","SILVER","Rear",21098,15883,12508,1.8,"F",4,"Pure",5106,3000
"331","2T1BURHE6HC837855",4750,2017,"TOYOTA","COROLLA","COROLLA L","SEDAN 4D","BLACK","Side",33445,14750,0,1.8,"F",4,"Minimum",3739,3000
"332","4T1BF1FK7HU308966",7100,2017,"TOYOTA","CAMRY","Camry LE","SEDAN 4D","BLUE","Rear",37053,17235,0,2.5,"F",4,"Pure",4907,3000
"333","4T1BF1FK5HU443718",5300,2017,"TOYOTA","CAMRY","Camry LE","SEDAN 4D","SILVER","Front",19209,16827,18796,2.5,"F",4,"Pure",4013,3000
"334","4T1BF1FK8HU776060",4950,2017,"TOYOTA","CAMRY","Camry LE","SEDAN 4D","WHITE","Front",44274,16030,19537,2.5,"F",4,"Minimum",3839,3000
"335","5YFBURHE5HP585144",4800,2017,"TOYOTA","COROLLA","COROLLA L","SEDAN 4D","WHITE","Rear",64647,11399,8682,1.8,"F",4,"Pure",3764,3000
"336","5YFBURHE8HP635504",3600,2017,"TOYOTA","COROLLA","COROLLA L","SEDAN 4D","RED","Rear",31817,12554,8804,1.8,"F",4,"Minimum",3168,3000
"337","5YFBURHE5HP606204",4900,2017,"TOYOTA","COROLLA","COROLLA L","SEDAN 4D","BLACK","Rear",49892,12363,10025,1.8,"F",4,"Minimum",3814,3000
"338","2T1BURHE0HC789768",6600,2017,"TOYOTA","COROLLA","COROLLA L","SEDAN 4D","BLACK","Rear",32172,10692,6254,1.8,"F",4,"Minimum",4658,3000
"339","4T1BF1FK3HU328079",5000,2017,"TOYOTA","CAMRY","Camry LE","SEDAN 4D","WHITE","Front",97283,21548,0,2.5,"F",4,"Minimum",3864,3000
"340","4T1BF1FK1HU453985",6900,2017,"TOYOTA","CAMRY","Camry LE","SEDAN 4D","SILVER","Front",50779,13569,14245,2.5,"F",4,"Pure",4807,3000
"341","4T1BK1EB8HU263677",7000,2017,"TOYOTA","AVALON","AVALON XLE","SEDAN 4D","BLUE","ALL OVER",11448,22350,14351,3.5,"F",6,"Minimum",4857,3000
"342","2T1BURHE5HC749816",5600,2017,"TOYOTA","COROLLA","COROLLA L","SEDAN 4D","SILVER","Front",31061,14779,14779,1.8,"F",4,"Minimum",4162,3000
"343","4T1BF1FK7HU319997",6300,2017,"TOYOTA","CAMRY","Camry LE","SEDAN 4D","SILVER","Front",43326,15510,14014,2.5,"F",4,"Pure",4509,3000
"344","5YFBURHE6HP672213",3700,2017,"TOYOTA","COROLLA","COROLLA L","SEDAN 4D","GRAY","Front",28160,14448,14131,1.8,"F",4,"Approval",3218,3000
"345","4T1BF1FK9HU815514",5800,2017,"TOYOTA","CAMRY","Camry LE","SEDAN 4D","BLACK","Front",100997,10906,15140,2.5,"F",4,"Pure",4261,3000
"346","2T1BURHE3HC762953",5300,2017,"TOYOTA","COROLLA","COROLLA L","SEDAN 4D","RED","Rear",33139,14249,14249,1.8,"F",4,"Minimum",4013,3000
"347","5YFBURHE1HP698248",4950,2017,"TOYOTA","COROLLA","COROLLA L","SEDAN 4D","RED","Front",29780,16118,0,1.8,"F",4,"Pure",3839,3000
"348","2T1BURHE8HC763502",4400,2017,"TOYOTA","COROLLA","COROLLA L","SEDAN 4D","RED","Front",42289,12946,12005,1.8,"F",4,"Pure",3565,3000
"349","4T1BF1FK3HU811250",6400,2017,"TOYOTA","CAMRY","Camry LE","SEDAN 4D","SILVER","Front",49692,14107,16995,2.5,"F",4,"Minimum",4559,3000
"350","4T1BF1FK3HU344556",6100,2017,"TOYOTA","CAMRY","Camry LE","SEDAN 4D","WHITE","ALL OVER",54138,16906,0,2.5,"F",4,"Approval",4410,3000
"351","4T1BF1FK5HU332554",4350,2017,"TOYOTA","CAMRY","Camry LE","SEDAN 4D","SILVER","Front",53364,15126,25773,2.5,"F",4,"Pure",3541,3000
"352","4T1BF1FK9HU351897",5400,2017,"TOYOTA","CAMRY","Camry LE","SEDAN 4D","BLACK","Front",125399,9774,6528,2.5,"F",4,"Minimum",4062,3000
"353","4T1BF1FK0HU617484",3000,2017,"TOYOTA","CAMRY","Camry LE","SEDAN 4D","BLUE","Front",73673,11518,23472,2.5,"F",4,"Pure",2870,3000
"354","4T1BF1FK4HU766299",3200,2017,"TOYOTA","CAMRY","Camry LE","SEDAN 4D","BLUE","Front",38231,16062,17467,2.5,"F",4,"Minimum",2969,3000
"355","4T1BF1FK2HU653483",6500,2017,"TOYOTA","CAMRY","Camry LE","SEDAN 4D","SILVER","Front",22415,16267,11012,2.5,"F",4,"Minimum",4609,3000
"356","4T1BF1FK9HU656543",7700,2017,"TOYOTA","CAMRY","Camry LE","SEDAN 4D","BLUE","Rear",47126,18352,7000,2.5,"F",4,"Minimum",5205,3000
"357","4T1BF1FKXHU421939",7700,2017,"TOYOTA","CAMRY","Camry LE","SEDAN 4D","WHITE","Front",50477,17099,17099,2.5,"F",4,"Minimum",5205,3000
"358","2T1BURHE3HC750236",3400,2017,"TOYOTA","COROLLA","COROLLA L","SEDAN 4D","BLUE","Front",61557,14416,11618,1.8,"F",4,"Minimum",3069,3000
"359","4T1BF1FK5HU316256",6600,2017,"TOYOTA","CAMRY","Camry LE","SEDAN 4D","SILVER","Rear",65503,16008,7006,2.5,"F",4,"Pure",4658,3000
"360","5YFBURHE9HP659780",4700,2017,"TOYOTA","COROLLA","COROLLA L","SEDAN 4D","WHITE","Front",55900,12693,0,1.8,"F",4,"Pure",3714,3000
"361","4T1BK1FK6HU578668",9300,2017,"TOYOTA","CAMRY","Camry XSE","SEDAN 4D","BLACK","Side",29338,20035,10589,3.5,"F",6,"Pure",6000,3000
"362","5YFBURHE2HP585490",3550,2017,"TOYOTA","COROLLA","COROLLA L","SEDAN 4D","BLACK","Front",101906,9346,9887,1.8,"F",4,"Minimum",3143,3000
"363","4T1BF1FK7HU340817",4700,2017,"TOYOTA","CAMRY","Camry LE","SEDAN 4D","BLACK","Rear",53921,14323,14148,2.5,"F",4,"Minimum",3714,3000
"364","2T1BURHEXHC894883",4850,2017,"TOYOTA","COROLLA","COROLLA L","SEDAN 4D","BLUE","Front",24141,17075,12732,1.8,"F",4,"Pure",3789,3000
"365","2T1BURHE2HC748395",4050,2017,"TOYOTA","COROLLA","COROLLA L","SEDAN 4D","RED","Front",54411,12328,13411,1.8,"F",4,"Minimum",3392,3000
"366","3MYDLBYV5HY187825",4100,2017,"TOYOTA","YARIS","YARIS IA","SEDAN 4D","WHITE","Rear",20004,12617,9642,1.5,"F",4,"Pure",3416,3000
"367","4T1BF1FK4HU343965",7100,2017,"TOYOTA","CAMRY","Camry LE","SEDAN 4D","WHITE","Front",37556,14080,11642,2.5,"F",4,"Pure",4907,3000
"368","2T1BURHE9HC784066",3850,2017,"TOYOTA","COROLLA","COROLLA L","SEDAN 4D","RED","Front",26027,13637,0,1.8,"F",4,"Minimum",3292,3000
"369","2T1BURHEXHC909074",3300,2017,"TOYOTA","COROLLA","COROLLA L","SEDAN 4D","BLUE","Front",72177,12900,0,1.8,"F",4,"Minimum",3019,3000
"370","4T1BF1FK4HU651041",5900,2017,"TOYOTA","CAMRY","Camry LE","SEDAN 4D","BLACK","Side",52412,9274,0,2.5,"F",4,"Pure",4311,3000
"371","4T1BF1FK2HU806461",4450,2017,"TOYOTA","CAMRY","Camry LE","SEDAN 4D","BLUE","Front",22161,16964,20171,2.5,"F",4,"Pure",3590,3000
"372","4T1BF1FK3HU716963",6700,2017,"TOYOTA","CAMRY","Camry LE","SEDAN 4D","SILVER","Front",25572,17438,0,2.5,"F",4,"Minimum",4708,3000
"373","2T1BURHE8HC897474",2500,2017,"TOYOTA","COROLLA","COROLLA L","SEDAN 4D","RED","Front",14819,14022,11813,1.8,"F",4,"Pure",2622,3000
"374","2T1BURHE4HC768311",5200,2017,"TOYOTA","COROLLA","COROLLA L","SEDAN 4D","BLUE","Rear",29772,16332,13202,1.8,"F",4,"Minimum",3963,3000
"375","2T1BURHE9HC802839",4850,2017,"TOYOTA","COROLLA","COROLLA L","SEDAN 4D","BLACK","Front",27476,15942,0,1.8,"F",4,"Pure",3789,3000
"376","4T1BF1FK6HU629462",6400,2017,"TOYOTA","CAMRY","Camry LE","SEDAN 4D","SILVER","Front",49331,18240,0,2.5,"F",4,"Minimum",4559,3000
"377","4T1BF1FK0HU696414",6300,2017,"TOYOTA","CAMRY","Camry LE","SEDAN 4D","RED","Front",30786,18126,0,2.5,"F",4,"Minimum",4509,3000
"378","4T1BF1FK5HU767123",4850,2017,"TOYOTA","CAMRY","Camry LE","SEDAN 4D","WHITE","Rear",34185,17373,12931,2.5,"F",4,"Pure",3789,3000
"379","4T1BF1FK0HU341338",5700,2017,"TOYOTA","CAMRY","Camry LE","SEDAN 4D","SILVER","Front",38057,14032,9781,2.5,"F",4,"Minimum",4211,3000
"380","5YFBURHE3HP725868",4000,2017,"TOYOTA","COROLLA","COROLLA L","SEDAN 4D","GRAY","Rear",32135,15835,8998,1.8,"F",4,"Pure",3367,3000
"381","5YFBURHE1HP682387",4950,2017,"TOYOTA","COROLLA","COROLLA L","SEDAN 4D","RED","Rear",16532,14288,10415,1.8,"F",4,"Minimum",3839,3000
"382","4T1BF1FK9HU454933",4650,2017,"TOYOTA","CAMRY","Camry LE","SEDAN 4D","WHITE","Front",11296,18233,15147,2.5,"F",4,"Approval",3690,3000
"383","4T1BF1FK2HU336237",6600,2017,"TOYOTA","CAMRY","Camry LE","SEDAN 4D","WHITE","Front",30494,16938,19754,2.5,"F",4,"Pure",4658,3000
"384","5YFBURHE7HP581340",4050,2017,"TOYOTA","COROLLA","COROLLA L","SEDAN 4D","WHITE","Front",31815,13000,6936,1.8,"F",4,"Minimum",3392,3000
"385","2T1BURHE0HC848155",4650,2017,"TOYOTA","COROLLA","COROLLA L","SEDAN 4D","WHITE","Front",12775,14329,10591,1.8,"F",4,"Minimum",3690,3000
"386","4T1BF1FK6HU334488",7600,2017,"TOYOTA","CAMRY","Camry LE","SEDAN 4D","WHITE","Front",51495,13317,12254,2.5,"F",4,"Pure",5155,3000
"387","4T1BF1FK8HU772025",5600,2017,"TOYOTA","CAMRY","Camry LE","SEDAN 4D","BLACK","Front",48555,16239,13898,2.5,"F",4,"Pure",4162,3000
"388","5YFBURHE8HP737725",3750,2017,"TOYOTA","COROLLA","COROLLA L","SEDAN 4D","SILVER","Front",24776,12885,13047,1.8,"F",4,"Minimum",3243,3000
"389","2T1BURHE8HC829918",6400,2017,"TOYOTA","COROLLA","COROLLA L","SEDAN 4D","RED","Wear",48920,18500,0,1.8,"F",4,"Approval",4559,3000
"390","5YFBURHE5HP730294",6900,2017,"TOYOTA","COROLLA","COROLLA L","SEDAN 4D","SILVER","Rear",21813,13463,0,1.8,"F",4,"Minimum",4807,3000
"391","2T1BURHE4HC760161",3700,2017,"TOYOTA","COROLLA","COROLLA L","SEDAN 4D","BLACK","Side",59412,11112,8545,1.8,"F",4,"Minimum",3218,3000
"392","5YFBURHE8HP679597",5600,2017,"TOYOTA","COROLLA","COROLLA L","SEDAN 4D","BLUE","Side",28308,15320,0,1.8,"F",4,"Minimum",4162,3000
"393","5YFBURHE4HP735700",4750,2017,"TOYOTA","COROLLA","COROLLA L","SEDAN 4D","BURGUNDY","Rear",15356,14806,7796,1.8,"F",4,"Minimum",3739,3000
"394","2T1BURHE8HC824931",4250,2017,"TOYOTA","COROLLA","COROLLA L","SEDAN 4D","BLUE","Front",12447,16311,11409,1.8,"F",4,"Pure",3491,3000
"395","4T1BF1FK8HU388102",5300,2017,"TOYOTA","CAMRY","Camry LE","SEDAN 4D","SILVER","Front",58065,15925,21029,2.5,"F",4,"Pure",4013,3000
"396","4T1BK1EBXHU243284",8300,2017,"TOYOTA","AVALON","AVALON XLE","SEDAN 4D","SILVER","Rear",22829,32521,0,3.5,"F",6,"Approval",5503,3000
"397","4T1BF1FK2HU689285",4800,2017,"TOYOTA","CAMRY","Camry LE","SEDAN 4D","GRAY","Front",29802,24961,0,2.5,"F",4,"Approval",3764,3000
"398","4T1BF1FK5HU814120",5800,2017,"TOYOTA","CAMRY","Camry LE","SEDAN 4D","GRAY","Side",47098,14326,6593,2.5,"F",4,"Minimum",4261,3000
"399","3VW267AJ4GM302550",1950,2016,"VOLKSWAGEN","JETTA","JETTA S","SEDAN 4D","GRAY","Front",27136,11621,0,1.4,"F",4,"Minimum",2348,3000
"400","3VWD67AJ4GM316554",2750,2016,"VOLKSWAGEN","JETTA","JETTA SE","SEDAN 4D","BLACK","Front",50444,12675,0,1.4,"F",4,"Minimum",2746,3000
"401","3VWD67AJ8GM244418",4050,2016,"VOLKSWAGEN","JETTA","JETTA SE","SEDAN 4D","GRAY","Minor",81471,16800,0,1.4,"F",4,"Minimum",3392,3000
"402","3VW267AJ9GM311356",2950,2016,"VOLKSWAGEN","JETTA","JETTA S","SEDAN 4D","SILVER","Rear",16422,12090,3875,1.4,"F",4,"Pure",2845,3000
"403","3VWL07AJ5GM336051",3750,2016,"VOLKSWAGEN","JETTA","JETTA SEL","SEDAN 4D","BLACK","Front",15725,16016,13332,1.8,"F",4,"Minimum",3243,3000
"404","3VWD17AJ0GM348433",2100,2016,"VOLKSWAGEN","JETTA","JETTA SPOR","SEDAN 4D","WHITE","Front",96339,10136,6082,1.8,"F",4,"Pure",2423,3000
"405","1VWAS7A36GC024955",3850,2016,"VOLKSWAGEN","PASSAT","PASSAT S","SEDAN 4D","BLUE","Rear",30293,12737,11076,1.8,"F",4,"Approval",3292,3000
"406","1VWBT7A34GC020193",5800,2016,"VOLKSWAGEN","PASSAT","PASSAT SE","SEDAN 4D","GRAY","Front",28074,15723,8368,1.8,"F",4,"Minimum",4261,3000
"407","3VW267AJ1GM386990",1350,2016,"VOLKSWAGEN","JETTA","JETTA S","SEDAN 4D","GRAY","Front",62408,9789,10953,1.4,"F",4,"Minimum",2050,3000
"408","3VW267AJXGM208494",1950,2016,"VOLKSWAGEN","JETTA","JETTA S","SEDAN 4D","WHITE","Front",31115,11173,10014,1.4,"F",4,"Pure",2348,3000
"409","3VWL17AJ8HM297258",3900,2017,"VOLKSWAGEN","JETTA","JETTA SEL","SEDAN 4D","BLACK","Front",46333,13386,9291,1.8,"F",4,"Pure",3317,3000
"410","3VWL17AJ2HM364002",4250,2017,"VOLKSWAGEN","JETTA","JETTA SEL","SEDAN 4D","BLACK","Wear",25114,15727,12907,1.8,"F",4,"Pure",3491,3000
